Timestamp,Name,Value
1.692414,"/shooter/constants",5e-06
1.692437,"/shooter/constants",5e-07
1.692443,"/shooter/constants",0
2.059401,"/shooter/rpm",0
2.506173,"/shooter/rpm",0
2.516796,"/shooter/rpm",0
2.525162,"/shooter/rpm",0
2.539759,"/shooter/rpm",0
2.555956,"/shooter/rpm",0
2.562868,"/shooter/rpm",0
2.57453,"/shooter/rpm",0
2.581021,"/shooter/rpm",0
2.587203,"/shooter/rpm",0
2.595254,"/shooter/rpm",0
2.604374,"/shooter/rpm",0
2.611719,"/shooter/rpm",0
2.617601,"/shooter/rpm",0
2.623644,"/shooter/rpm",0
2.633153,"/shooter/rpm",0
2.64293,"/shooter/rpm",0
2.652759,"/shooter/rpm",0
2.6656,"/shooter/rpm",0
2.672982,"/shooter/rpm",0
2.682272,"/shooter/rpm",0
2.690406,"/shooter/rpm",0
2.696136,"/shooter/rpm",0
2.702889,"/shooter/rpm",0
2.710531,"/shooter/rpm",0
2.718979,"/shooter/rpm",0
2.744476,"/shooter/rpm",0
2.75264,"/shooter/rpm",0
2.75834,"/shooter/rpm",0
2.763638,"/shooter/rpm",0
2.770076,"/shooter/rpm",0
2.777674,"/shooter/rpm",0
2.785877,"/shooter/rpm",0
2.793175,"/shooter/rpm",0
2.805683,"/shooter/rpm",0
2.821933,"/shooter/rpm",0
2.837204,"/shooter/rpm",0
2.84711,"/shooter/rpm",0
2.853423,"/shooter/rpm",0
2.858956,"/shooter/rpm",0
2.873541,"/shooter/rpm",0
2.879536,"/shooter/rpm",0
2.884316,"/shooter/rpm",0
2.891325,"/shooter/rpm",0
2.896043,"/shooter/rpm",0
2.905028,"/shooter/rpm",0
2.911935,"/shooter/rpm",0
2.916854,"/shooter/rpm",0
2.922219,"/shooter/rpm",0
2.927774,"/shooter/rpm",0
2.937032,"/shooter/rpm",0
2.942479,"/shooter/rpm",0
2.951094,"/shooter/rpm",0
2.963113,"/shooter/rpm",0
2.970665,"/shooter/rpm",0
2.975575,"/shooter/rpm",0
2.980727,"/shooter/rpm",0
2.987056,"/shooter/rpm",0
2.996363,"/shooter/rpm",0
3.001575,"/shooter/rpm",0
3.006662,"/shooter/rpm",0
3.022573,"/shooter/rpm",0
3.03169,"/shooter/rpm",0
3.036346,"/shooter/rpm",0
3.041614,"/shooter/rpm",0
3.047355,"/shooter/rpm",0
3.055492,"/shooter/rpm",0
3.060625,"/shooter/rpm",0
3.065646,"/shooter/rpm",0
3.071536,"/shooter/rpm",0
3.077352,"/shooter/rpm",0
3.082802,"/shooter/rpm",0
3.09253,"/shooter/rpm",0
3.09856,"/shooter/rpm",0
3.103702,"/shooter/rpm",0
3.112533,"/shooter/rpm",0
3.118218,"/shooter/rpm",0
3.123395,"/shooter/rpm",0
3.12946,"/shooter/rpm",0
3.135018,"/shooter/rpm",0
3.144362,"/shooter/rpm",0
3.150445,"/shooter/rpm",0
3.156383,"/shooter/rpm",0
3.162827,"/shooter/rpm",0
3.168316,"/shooter/rpm",0
3.176788,"/shooter/rpm",0
3.18196,"/shooter/rpm",0
3.186989,"/shooter/rpm",0
3.194368,"/shooter/rpm",0
3.200505,"/shooter/rpm",0
3.206697,"/shooter/rpm",0
3.212245,"/shooter/rpm",0
3.217274,"/shooter/rpm",0
3.22208,"/shooter/rpm",0
3.22712,"/shooter/rpm",0
3.235398,"/shooter/rpm",0
3.240425,"/shooter/rpm",0
3.245056,"/shooter/rpm",0
3.251514,"/shooter/rpm",0
3.257256,"/shooter/rpm",0
3.262974,"/shooter/rpm",0
3.268482,"/shooter/rpm",0
3.274254,"/shooter/rpm",0
3.279239,"/shooter/rpm",0
3.283863,"/shooter/rpm",0
3.291962,"/shooter/rpm",0
3.298836,"/shooter/rpm",0
3.308657,"/shooter/rpm",0
3.315057,"/shooter/rpm",0
3.320405,"/shooter/rpm",0
3.327944,"/shooter/rpm",0
3.333477,"/shooter/rpm",0
3.33924,"/shooter/rpm",0
3.343952,"/shooter/rpm",0
3.35068,"/shooter/rpm",0
3.357929,"/shooter/rpm",0
3.364331,"/shooter/rpm",0
3.370468,"/shooter/rpm",0
3.374736,"/shooter/rpm",0
3.380135,"/shooter/rpm",0
3.389445,"/shooter/rpm",0
3.39434,"/shooter/rpm",0
3.399673,"/shooter/rpm",0
3.40496,"/shooter/rpm",0
3.412074,"/shooter/rpm",0
3.417974,"/shooter/rpm",0
3.423504,"/shooter/rpm",0
3.429218,"/shooter/rpm",0
3.434196,"/shooter/rpm",0
3.438692,"/shooter/rpm",0
3.44639,"/shooter/rpm",0
3.452573,"/shooter/rpm",0
3.457474,"/shooter/rpm",0
3.462381,"/shooter/rpm",0
3.467484,"/shooter/rpm",0
3.479069,"/shooter/rpm",0
3.485935,"/shooter/rpm",0
3.506349,"/shooter/rpm",0
3.524925,"/shooter/rpm",0
3.544991,"/shooter/rpm",0
3.565038,"/shooter/rpm",0
3.585695,"/shooter/rpm",0
3.605265,"/shooter/rpm",0
3.624987,"/shooter/rpm",0
3.644928,"/shooter/rpm",0
3.665079,"/shooter/rpm",0
3.685046,"/shooter/rpm",0
3.705514,"/shooter/rpm",0
3.724924,"/shooter/rpm",0
3.745054,"/shooter/rpm",0
3.765388,"/shooter/rpm",0
3.785226,"/shooter/rpm",0
3.805318,"/shooter/rpm",0
3.825337,"/shooter/rpm",0
3.84504,"/shooter/rpm",0
3.864933,"/shooter/rpm",0
3.88523,"/shooter/rpm",0
3.905802,"/shooter/rpm",0
3.924999,"/shooter/rpm",0
3.944975,"/shooter/rpm",0
3.965024,"/shooter/rpm",0
3.989529,"/shooter/rpm",0
4.005012,"/shooter/rpm",0
4.025336,"/shooter/rpm",0
4.044936,"/shooter/rpm",0
4.065375,"/shooter/rpm",0
4.085107,"/shooter/rpm",0
4.105002,"/shooter/rpm",0
4.125141,"/shooter/rpm",0
4.145409,"/shooter/rpm",0
4.165005,"/shooter/rpm",0
4.185316,"/shooter/rpm",0
4.205356,"/shooter/rpm",0
4.225189,"/shooter/rpm",0
4.244984,"/shooter/rpm",0
4.265434,"/shooter/rpm",0
4.285031,"/shooter/rpm",0
4.305624,"/shooter/rpm",0
4.326132,"/shooter/rpm",0
4.344914,"/shooter/rpm",0
4.365,"/shooter/rpm",0
4.385368,"/shooter/rpm",0
4.407,"/shooter/rpm",0
4.424955,"/shooter/rpm",0
4.446963,"/shooter/rpm",0
4.465036,"/shooter/rpm",0
4.484861,"/shooter/rpm",0
4.510497,"/shooter/rpm",0
4.525323,"/shooter/rpm",0
4.545224,"/shooter/rpm",0
4.566183,"/shooter/rpm",0
4.585374,"/shooter/rpm",0
4.605207,"/shooter/rpm",0
4.626129,"/shooter/rpm",0
4.645047,"/shooter/rpm",0
4.664903,"/shooter/rpm",0
4.686761,"/shooter/rpm",0
4.705755,"/shooter/rpm",0
4.724986,"/shooter/rpm",0
4.745948,"/shooter/rpm",0
4.765424,"/shooter/rpm",0
4.785029,"/shooter/rpm",0
4.806082,"/shooter/rpm",0
4.824971,"/shooter/rpm",0
4.844971,"/shooter/rpm",0
4.86618,"/shooter/rpm",0
4.885653,"/shooter/rpm",0
4.904976,"/shooter/rpm",0
4.925981,"/shooter/rpm",0
4.944904,"/shooter/rpm",0
4.965518,"/shooter/rpm",0
4.984846,"/shooter/rpm",0
5.005566,"/shooter/rpm",0
5.025453,"/shooter/rpm",0
5.045334,"/shooter/rpm",0
5.06563,"/shooter/rpm",0
5.085036,"/shooter/rpm",0
5.104982,"/shooter/rpm",0
5.125386,"/shooter/rpm",0
5.145083,"/shooter/rpm",0
5.165043,"/shooter/rpm",0
5.185094,"/shooter/rpm",0
5.204981,"/shooter/rpm",0
5.225024,"/shooter/rpm",0
5.245067,"/shooter/rpm",0
5.26501,"/shooter/rpm",0
5.284921,"/shooter/rpm",0
5.305108,"/shooter/rpm",0
5.325246,"/shooter/rpm",0
5.344967,"/shooter/rpm",0
5.365269,"/shooter/rpm",0
5.385149,"/shooter/rpm",0
5.40545,"/shooter/rpm",0
5.425008,"/shooter/rpm",0
5.44495,"/shooter/rpm",0
5.465149,"/shooter/rpm",0
5.485227,"/shooter/rpm",0
5.505223,"/shooter/rpm",0
5.525369,"/shooter/rpm",0
5.544943,"/shooter/rpm",0
5.564984,"/shooter/rpm",0
5.584829,"/shooter/rpm",0
5.604947,"/shooter/rpm",0
5.626396,"/shooter/rpm",0
5.64486,"/shooter/rpm",0
5.664931,"/shooter/rpm",0
5.685613,"/shooter/rpm",0
5.704946,"/shooter/rpm",0
5.724964,"/shooter/rpm",0
5.746084,"/shooter/rpm",0
5.766328,"/shooter/rpm",0
5.785299,"/shooter/rpm",0
5.806506,"/shooter/rpm",0
5.824887,"/shooter/rpm",0
5.844783,"/shooter/rpm",0
5.866524,"/shooter/rpm",0
5.884778,"/shooter/rpm",0
5.905012,"/shooter/rpm",0
5.926458,"/shooter/rpm",0
5.945004,"/shooter/rpm",0
5.964994,"/shooter/rpm",0
5.986425,"/shooter/rpm",0
6.004968,"/shooter/rpm",0
6.024963,"/shooter/rpm",0
6.046384,"/shooter/rpm",0
6.064988,"/shooter/rpm",0
6.085077,"/shooter/rpm",0
6.106567,"/shooter/rpm",0
6.124907,"/shooter/rpm",0
6.145262,"/shooter/rpm",0
6.166251,"/shooter/rpm",0
6.184868,"/shooter/rpm",0
6.204962,"/shooter/rpm",0
6.226416,"/shooter/rpm",0
6.245002,"/shooter/rpm",0
6.265028,"/shooter/rpm",0
6.286342,"/shooter/rpm",0
6.305017,"/shooter/rpm",0
6.324983,"/shooter/rpm",0
6.346878,"/shooter/rpm",0
6.36491,"/shooter/rpm",0
6.385341,"/shooter/rpm",0
6.404788,"/shooter/rpm",0
6.425021,"/shooter/rpm",0
6.44497,"/shooter/rpm",0
6.464973,"/shooter/rpm",0
6.485552,"/shooter/rpm",0
6.505709,"/shooter/rpm",0
6.525408,"/shooter/rpm",0
6.545437,"/shooter/rpm",0
6.565204,"/shooter/rpm",0
6.585346,"/shooter/rpm",0
6.60493,"/shooter/rpm",0
6.62483,"/shooter/rpm",0
6.647534,"/shooter/rpm",0
6.665319,"/shooter/rpm",0
6.684884,"/shooter/rpm",0
6.704934,"/shooter/rpm",0
6.725232,"/shooter/rpm",0
6.745238,"/shooter/rpm",0
6.76831,"/shooter/rpm",0
6.784988,"/shooter/rpm",0
6.804988,"/shooter/rpm",0
6.824923,"/shooter/rpm",0
6.844896,"/shooter/rpm",0
6.865283,"/shooter/rpm",0
6.88484,"/shooter/rpm",0
6.904992,"/shooter/rpm",0
6.925423,"/shooter/rpm",0
6.945369,"/shooter/rpm",0
6.96501,"/shooter/rpm",0
6.985286,"/shooter/rpm",0
7.005038,"/shooter/rpm",0
7.025609,"/shooter/rpm",0
7.045292,"/shooter/rpm",0
7.065433,"/shooter/rpm",0
7.085322,"/shooter/rpm",0
7.105913,"/shooter/rpm",0
7.125316,"/shooter/rpm",0
7.145248,"/shooter/rpm",0
7.165726,"/shooter/rpm",0
7.184819,"/shooter/rpm",0
7.204961,"/shooter/rpm",0
7.226194,"/shooter/rpm",0
7.245162,"/shooter/rpm",0
7.264964,"/shooter/rpm",0
7.286377,"/shooter/rpm",0
7.305412,"/shooter/rpm",0
7.324961,"/shooter/rpm",0
7.345955,"/shooter/rpm",0
7.365366,"/shooter/rpm",0
7.384794,"/shooter/rpm",0
7.406347,"/shooter/rpm",0
7.424913,"/shooter/rpm",0
7.445293,"/shooter/rpm",0
7.466128,"/shooter/rpm",0
7.485446,"/shooter/rpm",0
7.505007,"/shooter/rpm",0
7.526199,"/shooter/rpm",0
7.544896,"/shooter/rpm",0
7.566132,"/shooter/rpm",0
7.586077,"/shooter/rpm",0
7.604954,"/shooter/rpm",0
7.62478,"/shooter/rpm",0
7.646318,"/shooter/rpm",0
7.666459,"/shooter/rpm",0
7.684949,"/shooter/rpm",0
7.704942,"/shooter/rpm",0
7.725696,"/shooter/rpm",0
7.747128,"/shooter/rpm",0
7.76884,"/shooter/rpm",0
7.78501,"/shooter/rpm",0
7.804784,"/shooter/rpm",0
7.824811,"/shooter/rpm",0
7.845647,"/shooter/rpm",0
7.865021,"/shooter/rpm",0
7.884875,"/shooter/rpm",0
7.905478,"/shooter/rpm",0
7.924981,"/shooter/rpm",0
7.944835,"/shooter/rpm",0
7.964774,"/shooter/rpm",0
7.985253,"/shooter/rpm",0
8.004883,"/shooter/rpm",0
8.025381,"/shooter/rpm",0
8.044814,"/shooter/rpm",0
8.064961,"/shooter/rpm",0
8.084974,"/shooter/rpm",0
8.105431,"/shooter/rpm",0
8.124971,"/shooter/rpm",0
8.144928,"/shooter/rpm",0
8.165355,"/shooter/rpm",0
8.184903,"/shooter/rpm",0
8.204846,"/shooter/rpm",0
8.225229,"/shooter/rpm",0
8.245486,"/shooter/rpm",0
8.266855,"/shooter/rpm",0
8.288505,"/shooter/rpm",0
8.304922,"/shooter/rpm",0
8.324734,"/shooter/rpm",0
8.344929,"/shooter/rpm",0
8.364812,"/shooter/rpm",0
8.38495,"/shooter/rpm",0
8.405279,"/shooter/rpm",0
8.424747,"/shooter/rpm",0
8.445041,"/shooter/rpm",0
8.464982,"/shooter/rpm",0
8.484912,"/shooter/rpm",0
8.505521,"/shooter/rpm",0
8.526126,"/shooter/rpm",0
8.544831,"/shooter/rpm",0
8.564781,"/shooter/rpm",0
8.585963,"/shooter/rpm",0
8.604797,"/shooter/rpm",0
8.624818,"/shooter/rpm",0
8.646151,"/shooter/rpm",0
8.664748,"/shooter/rpm",0
8.685734,"/shooter/rpm",0
8.705978,"/shooter/rpm",0
8.724731,"/shooter/rpm",0
8.744776,"/shooter/rpm",0
8.766315,"/shooter/rpm",0
8.785755,"/shooter/rpm",0
8.804843,"/shooter/rpm",0
8.825893,"/shooter/rpm",0
8.845359,"/shooter/rpm",0
8.864928,"/shooter/rpm",0
8.886502,"/shooter/rpm",0
8.904979,"/shooter/rpm",0
8.924884,"/shooter/rpm",0
8.945742,"/shooter/rpm",0
8.964895,"/shooter/rpm",0
8.984868,"/shooter/rpm",0
9.006102,"/shooter/rpm",0
9.024985,"/shooter/rpm",0
9.04496,"/shooter/rpm",0
9.065815,"/shooter/rpm",0
9.08492,"/shooter/rpm",0
9.104895,"/shooter/rpm",0
9.12478,"/shooter/rpm",0
9.144876,"/shooter/rpm",0
9.164759,"/shooter/rpm",0
9.184841,"/shooter/rpm",0
9.204893,"/shooter/rpm",0
9.225384,"/shooter/rpm",0
9.245413,"/shooter/rpm",0
9.265616,"/shooter/rpm",0
9.28492,"/shooter/rpm",0
9.304809,"/shooter/rpm",0
9.325058,"/shooter/rpm",0
9.344977,"/shooter/rpm",0
9.364707,"/shooter/rpm",0
9.384947,"/shooter/rpm",0
9.404806,"/shooter/rpm",0
9.42474,"/shooter/rpm",0
9.444877,"/shooter/rpm",0
9.464943,"/shooter/rpm",0
9.486443,"/shooter/rpm",0
9.504964,"/shooter/rpm",0
9.524923,"/shooter/rpm",0
9.544973,"/shooter/rpm",0
9.564827,"/shooter/rpm",0
9.584884,"/shooter/rpm",0
9.604808,"/shooter/rpm",0
9.624793,"/shooter/rpm",0
9.644899,"/shooter/rpm",0
9.664849,"/shooter/rpm",0
9.684872,"/shooter/rpm",0
9.704996,"/shooter/rpm",0
9.724779,"/shooter/rpm",0
9.74475,"/shooter/rpm",0
9.765461,"/shooter/rpm",0
9.784959,"/shooter/rpm",0
9.804797,"/shooter/rpm",0
9.824897,"/shooter/rpm",0
9.844918,"/shooter/rpm",0
9.865004,"/shooter/rpm",0
9.884908,"/shooter/rpm",0
9.904997,"/shooter/rpm",0
9.925417,"/shooter/rpm",0
9.946566,"/shooter/rpm",0
9.965468,"/shooter/rpm",0
9.984904,"/shooter/rpm",0
10.007012,"/shooter/rpm",0
10.025033,"/shooter/rpm",0
10.044805,"/shooter/rpm",0
10.066067,"/shooter/rpm",0
10.084948,"/shooter/rpm",0
10.105005,"/shooter/rpm",0
10.126337,"/shooter/rpm",0
10.144958,"/shooter/rpm",0
10.165474,"/shooter/rpm",0
10.186369,"/shooter/rpm",0
10.204862,"/shooter/rpm",0
10.22526,"/shooter/rpm",0
10.246335,"/shooter/rpm",0
10.265376,"/shooter/rpm",0
10.285388,"/shooter/rpm",0
10.306182,"/shooter/rpm",0
10.324789,"/shooter/rpm",0
10.344779,"/shooter/rpm",0
10.366475,"/shooter/rpm",0
10.384903,"/shooter/rpm",0
10.404846,"/shooter/rpm",0
10.426218,"/shooter/rpm",0
10.444867,"/shooter/rpm",0
10.465024,"/shooter/rpm",0
10.484916,"/shooter/rpm",0
10.504754,"/shooter/rpm",0
10.52481,"/shooter/rpm",0
10.54501,"/shooter/rpm",0
10.565302,"/shooter/rpm",0
10.584934,"/shooter/rpm",0
10.604675,"/shooter/rpm",0
10.624905,"/shooter/rpm",0
10.645353,"/shooter/rpm",0
10.665434,"/shooter/rpm",0
10.685349,"/shooter/rpm",0
10.704768,"/shooter/rpm",0
10.724779,"/shooter/rpm",0
10.748829,"/shooter/rpm",0
10.765778,"/shooter/rpm",0
10.78485,"/shooter/rpm",0
10.805287,"/shooter/rpm",0
10.824841,"/shooter/rpm",0
10.84499,"/shooter/rpm",0
10.864987,"/shooter/rpm",0
10.884869,"/shooter/rpm",0
10.904944,"/shooter/rpm",0
10.925614,"/shooter/rpm",0
10.944909,"/shooter/rpm",0
10.965002,"/shooter/rpm",0
10.984704,"/shooter/rpm",0
11.0053,"/shooter/rpm",0
11.025703,"/shooter/rpm",0
11.044791,"/shooter/rpm",0
11.06559,"/shooter/rpm",0
11.084987,"/shooter/rpm",0
11.104819,"/shooter/rpm",0
11.124929,"/shooter/rpm",0
11.144752,"/shooter/rpm",0
11.164855,"/shooter/rpm",0
11.18488,"/shooter/rpm",0
11.204771,"/shooter/rpm",0
11.224772,"/shooter/rpm",0
11.245297,"/shooter/rpm",0
11.264848,"/shooter/rpm",0
11.284813,"/shooter/rpm",0
11.306172,"/shooter/rpm",0
11.325281,"/shooter/rpm",0
11.344732,"/shooter/rpm",0
11.366489,"/shooter/rpm",0
11.384831,"/shooter/rpm",0
11.404939,"/shooter/rpm",0
11.426254,"/shooter/rpm",0
11.444748,"/shooter/rpm",0
11.465255,"/shooter/rpm",0
11.486128,"/shooter/rpm",0
11.50488,"/shooter/rpm",0
11.524949,"/shooter/rpm",0
11.546113,"/shooter/rpm",0
11.565538,"/shooter/rpm",0
11.584807,"/shooter/rpm",0
11.605953,"/shooter/rpm",0
11.625013,"/shooter/rpm",0
11.644941,"/shooter/rpm",0
11.665805,"/shooter/rpm",0
11.684995,"/shooter/rpm",0
11.704984,"/shooter/rpm",0
11.725113,"/shooter/rpm",0
11.745132,"/shooter/rpm",0
11.765263,"/shooter/rpm",0
11.786171,"/shooter/rpm",0
11.805298,"/shooter/rpm",0
11.824881,"/shooter/rpm",0
11.844911,"/shooter/rpm",0
11.864826,"/shooter/rpm",0
11.884775,"/shooter/rpm",0
11.904847,"/shooter/rpm",0
11.925353,"/shooter/rpm",0
11.94528,"/shooter/rpm",0
11.96501,"/shooter/rpm",0
11.98536,"/shooter/rpm",0
12.005441,"/shooter/rpm",0
12.024764,"/shooter/rpm",0
12.046831,"/shooter/rpm",0
12.064984,"/shooter/rpm",0
12.084815,"/shooter/rpm",0
12.104752,"/shooter/rpm",0
12.124836,"/shooter/rpm",0
12.144854,"/shooter/rpm",0
12.164771,"/shooter/rpm",0
12.184801,"/shooter/rpm",0
12.204948,"/shooter/rpm",0
12.224926,"/shooter/rpm",0
12.244956,"/shooter/rpm",0
12.26484,"/shooter/rpm",0
12.284775,"/shooter/rpm",0
12.305295,"/shooter/rpm",0
12.324913,"/shooter/rpm",0
12.344853,"/shooter/rpm",0
12.364814,"/shooter/rpm",0
12.38483,"/shooter/rpm",0
12.404936,"/shooter/rpm",0
12.424855,"/shooter/rpm",0
12.444798,"/shooter/rpm",0
12.46488,"/shooter/rpm",0
12.485199,"/shooter/rpm",0
12.504806,"/shooter/rpm",0
12.524756,"/shooter/rpm",0
12.544841,"/shooter/rpm",0
12.564759,"/shooter/rpm",0
12.584773,"/shooter/rpm",0
12.605557,"/shooter/rpm",0
12.625309,"/shooter/rpm",0
12.645309,"/shooter/rpm",0
12.666111,"/shooter/rpm",0
12.684854,"/shooter/rpm",0
12.704882,"/shooter/rpm",0
12.726258,"/shooter/rpm",0
12.744847,"/shooter/rpm",0
12.765197,"/shooter/rpm",0
12.786103,"/shooter/rpm",0
12.804864,"/shooter/rpm",0
12.824927,"/shooter/rpm",0
12.846271,"/shooter/rpm",0
12.864978,"/shooter/rpm",0
12.884717,"/shooter/rpm",0
12.9061,"/shooter/rpm",0
12.924983,"/shooter/rpm",0
12.944758,"/shooter/rpm",0
12.966045,"/shooter/rpm",0
12.984902,"/shooter/rpm",0
13.004831,"/shooter/rpm",0
13.026701,"/shooter/rpm",0
13.044834,"/shooter/rpm",0
13.065875,"/shooter/rpm",0
13.086508,"/shooter/rpm",0
13.104768,"/shooter/rpm",0
13.124826,"/shooter/rpm",0
13.146278,"/shooter/rpm",0
13.164775,"/shooter/rpm",0
13.184967,"/shooter/rpm",0
13.204762,"/shooter/rpm",0
13.224947,"/shooter/rpm",0
13.244894,"/shooter/rpm",0
13.26501,"/shooter/rpm",0
13.285517,"/shooter/rpm",0
13.304781,"/shooter/rpm",0
13.324808,"/shooter/rpm",0
13.344945,"/shooter/rpm",0
13.365734,"/shooter/rpm",0
13.391424,"/shooter/rpm",0
13.405007,"/shooter/rpm",0
13.424841,"/shooter/rpm",0
13.444901,"/shooter/rpm",0
13.46522,"/shooter/rpm",0
13.484922,"/shooter/rpm",0
13.504749,"/shooter/rpm",0
13.525298,"/shooter/rpm",0
13.545501,"/shooter/rpm",0
13.564757,"/shooter/rpm",0
13.58496,"/shooter/rpm",0
13.60493,"/shooter/rpm",0
13.624748,"/shooter/rpm",0
13.644806,"/shooter/rpm",0
13.664961,"/shooter/rpm",0
13.684964,"/shooter/rpm",0
13.704985,"/shooter/rpm",0
13.7249,"/shooter/rpm",0
13.744843,"/shooter/rpm",0
13.765301,"/shooter/rpm",0
13.784878,"/shooter/rpm",0
13.804771,"/shooter/rpm",0
13.824711,"/shooter/rpm",0
13.845303,"/shooter/rpm",0
13.865445,"/shooter/rpm",0
13.8853,"/shooter/rpm",0
13.90476,"/shooter/rpm",0
13.924947,"/shooter/rpm",0
13.944896,"/shooter/rpm",0
13.96521,"/shooter/rpm",0
13.984795,"/shooter/rpm",0
14.004914,"/shooter/rpm",0
14.024854,"/shooter/rpm",0
14.044717,"/shooter/rpm",0
14.064978,"/shooter/rpm",0
14.086242,"/shooter/rpm",0
14.104847,"/shooter/rpm",0
14.124804,"/shooter/rpm",0
14.145606,"/shooter/rpm",0
14.165032,"/shooter/rpm",0
14.184935,"/shooter/rpm",0
14.205453,"/shooter/rpm",0
14.224749,"/shooter/rpm",0
14.244751,"/shooter/rpm",0
14.26635,"/shooter/rpm",0
14.284885,"/shooter/rpm",0
14.304899,"/shooter/rpm",0
14.326031,"/shooter/rpm",0
14.344781,"/shooter/rpm",0
14.364805,"/shooter/rpm",0
14.386114,"/shooter/rpm",0
14.404906,"/shooter/rpm",0
14.424782,"/shooter/rpm",0
14.446206,"/shooter/rpm",0
14.464821,"/shooter/rpm",0
14.484848,"/shooter/rpm",0
14.506363,"/shooter/rpm",0
14.524776,"/shooter/rpm",0
14.544969,"/shooter/rpm",0
14.566367,"/shooter/rpm",0
14.584691,"/shooter/rpm",0
14.604805,"/shooter/rpm",0
14.624821,"/shooter/rpm",0
14.644809,"/shooter/rpm",0
14.664814,"/shooter/rpm",0
14.684849,"/shooter/rpm",0
14.704718,"/shooter/rpm",0
14.724928,"/shooter/rpm",0
14.745391,"/shooter/rpm",0
14.764815,"/shooter/rpm",0
14.784868,"/shooter/rpm",0
14.805391,"/shooter/rpm",0
14.824897,"/shooter/rpm",0
14.844918,"/shooter/rpm",0
14.866679,"/shooter/rpm",0
14.885326,"/shooter/rpm",0
14.904993,"/shooter/rpm",0
14.924881,"/shooter/rpm",0
14.945388,"/shooter/rpm",0
14.964954,"/shooter/rpm",0
14.984761,"/shooter/rpm",0
15.006331,"/shooter/rpm",0
15.024931,"/shooter/rpm",0
15.044764,"/shooter/rpm",0
15.064939,"/shooter/rpm",0
15.084793,"/shooter/rpm",0
15.104868,"/shooter/rpm",0
15.124738,"/shooter/rpm",0
15.144888,"/shooter/rpm",0
15.164824,"/shooter/rpm",0
15.185302,"/shooter/rpm",0
15.204929,"/shooter/rpm",0
15.224983,"/shooter/rpm",0
15.24554,"/shooter/rpm",0
15.265297,"/shooter/rpm",0
15.284769,"/shooter/rpm",0
15.304819,"/shooter/rpm",0
15.325241,"/shooter/rpm",0
15.344892,"/shooter/rpm",0
15.364799,"/shooter/rpm",0
15.384899,"/shooter/rpm",0
15.405016,"/shooter/rpm",0
15.424932,"/shooter/rpm",0
15.445464,"/shooter/rpm",0
15.464801,"/shooter/rpm",0
15.484842,"/shooter/rpm",0
15.506364,"/shooter/rpm",0
15.52479,"/shooter/rpm",0
15.545093,"/shooter/rpm",0
15.564997,"/shooter/rpm",0
15.584887,"/shooter/rpm",0
15.604851,"/shooter/rpm",0
15.626357,"/shooter/rpm",0
15.644802,"/shooter/rpm",0
15.665441,"/shooter/rpm",0
15.686386,"/shooter/rpm",0
15.708886,"/shooter/rpm",0
15.725689,"/shooter/rpm",0
15.746455,"/shooter/rpm",0
15.766684,"/shooter/rpm",0
15.784775,"/shooter/rpm",0
15.80598,"/shooter/rpm",0
15.824792,"/shooter/rpm",0
15.844851,"/shooter/rpm",0
15.86612,"/shooter/rpm",0
15.884871,"/shooter/rpm",0
15.904902,"/shooter/rpm",0
15.927183,"/shooter/rpm",0
15.94551,"/shooter/rpm",0
15.964673,"/shooter/rpm",0
15.984833,"/shooter/rpm",0
16.004618,"/shooter/rpm",0
16.024916,"/shooter/rpm",0
16.044671,"/shooter/rpm",0
16.06479,"/shooter/rpm",0
16.084865,"/shooter/rpm",0
16.10469,"/shooter/rpm",0
16.125363,"/shooter/rpm",0
16.144789,"/shooter/rpm",0
16.164697,"/shooter/rpm",0
16.184667,"/shooter/rpm",0
16.204941,"/shooter/rpm",0
16.224683,"/shooter/rpm",0
16.244752,"/shooter/rpm",0
16.264859,"/shooter/rpm",0
16.28473,"/shooter/rpm",0
16.304793,"/shooter/rpm",0
16.324955,"/shooter/rpm",0
16.344691,"/shooter/rpm",0
16.364898,"/shooter/rpm",0
16.384847,"/shooter/rpm",0
16.404714,"/shooter/rpm",0
16.424777,"/shooter/rpm",0
16.444672,"/shooter/rpm",0
16.466486,"/shooter/rpm",0
16.48526,"/shooter/rpm",0
16.504905,"/shooter/rpm",0
16.524776,"/shooter/rpm",0
16.54552,"/shooter/rpm",0
16.565729,"/shooter/rpm",0
16.584983,"/shooter/rpm",0
16.606592,"/shooter/rpm",0
16.631766,"/shooter/rpm",0
16.64545,"/shooter/rpm",0
16.66525,"/shooter/rpm",0
16.685554,"/shooter/rpm",0
16.704755,"/shooter/rpm",0
16.725406,"/shooter/rpm",0
16.745208,"/shooter/rpm",0
16.764748,"/shooter/rpm",0
16.784811,"/shooter/rpm",0
16.806034,"/shooter/rpm",0
16.824738,"/shooter/rpm",0
16.844931,"/shooter/rpm",0
16.866418,"/shooter/rpm",0
16.884638,"/shooter/rpm",0
16.904783,"/shooter/rpm",0
16.926308,"/shooter/rpm",0
16.944582,"/shooter/rpm",0
16.964834,"/shooter/rpm",0
16.986266,"/shooter/rpm",0
17.004628,"/shooter/rpm",0
17.024666,"/shooter/rpm",0
17.045406,"/shooter/rpm",0
17.064735,"/shooter/rpm",0
17.084786,"/shooter/rpm",0
17.106112,"/shooter/rpm",0
17.124709,"/shooter/rpm",0
17.145463,"/shooter/rpm",0
17.166202,"/shooter/rpm",0
17.184773,"/shooter/rpm",0
17.204801,"/shooter/rpm",0
17.225785,"/shooter/rpm",0
17.244607,"/shooter/rpm",0
17.264767,"/shooter/rpm",0
17.285765,"/shooter/rpm",0
17.304807,"/shooter/rpm",0
17.324713,"/shooter/rpm",0
17.344866,"/shooter/rpm",0
17.365471,"/shooter/rpm",0
17.385242,"/shooter/rpm",0
17.406237,"/shooter/rpm",0
17.424642,"/shooter/rpm",0
17.444695,"/shooter/rpm",0
17.464799,"/shooter/rpm",0
17.484844,"/shooter/rpm",0
17.504752,"/shooter/rpm",0
17.524793,"/shooter/rpm",0
17.544807,"/shooter/rpm",0
17.564733,"/shooter/rpm",0
17.584661,"/shooter/rpm",0
17.604721,"/shooter/rpm",0
17.625218,"/shooter/rpm",0
17.644664,"/shooter/rpm",0
17.664851,"/shooter/rpm",0
17.684797,"/shooter/rpm",0
17.704826,"/shooter/rpm",0
17.724857,"/shooter/rpm",0
17.744817,"/shooter/rpm",0
17.764905,"/shooter/rpm",0
17.785259,"/shooter/rpm",0
17.804654,"/shooter/rpm",0
17.824789,"/shooter/rpm",0
17.844793,"/shooter/rpm",0
17.864812,"/shooter/rpm",0
17.884838,"/shooter/rpm",0
17.905,"/shooter/rpm",0
17.924887,"/shooter/rpm",0
17.944773,"/shooter/rpm",0
17.964769,"/shooter/rpm",0
17.985009,"/shooter/rpm",0
18.004796,"/shooter/rpm",0
18.024645,"/shooter/rpm",0
18.045248,"/shooter/rpm",0
18.064785,"/shooter/rpm",0
18.084827,"/shooter/rpm",0
18.104913,"/shooter/rpm",0
18.124622,"/shooter/rpm",0
18.144722,"/shooter/rpm",0
18.165872,"/shooter/rpm",0
18.184802,"/shooter/rpm",0
18.204873,"/shooter/rpm",0
18.225251,"/shooter/rpm",0
18.244893,"/shooter/rpm",0
18.26481,"/shooter/rpm",0
18.285964,"/shooter/rpm",0
18.305451,"/shooter/rpm",0
18.324822,"/shooter/rpm",0
18.346265,"/shooter/rpm",0
18.365395,"/shooter/rpm",0
18.384849,"/shooter/rpm",0
18.405723,"/shooter/rpm",0
18.426155,"/shooter/rpm",0
18.446719,"/shooter/rpm",0
18.4708,"/shooter/rpm",0
18.485019,"/shooter/rpm",0
18.505287,"/shooter/rpm",0
18.530418,"/shooter/rpm",0
18.546993,"/shooter/rpm",0
18.564791,"/shooter/rpm",0
18.586206,"/shooter/rpm",0
18.607847,"/shooter/rpm",0
18.626034,"/shooter/rpm",0
18.650645,"/shooter/rpm",0
18.66743,"/shooter/rpm",0
18.687597,"/shooter/rpm",0
18.704853,"/shooter/rpm",0
18.725403,"/shooter/rpm",0
18.745327,"/shooter/rpm",0
18.767281,"/shooter/rpm",0
18.786633,"/shooter/rpm",0
18.809146,"/shooter/rpm",0
18.824793,"/shooter/rpm",0
18.846117,"/shooter/rpm",0
18.864821,"/shooter/rpm",0
18.884745,"/shooter/rpm",0
18.904795,"/shooter/rpm",0
18.924976,"/shooter/rpm",0
18.94483,"/shooter/rpm",0
18.964702,"/shooter/rpm",0
18.984846,"/shooter/rpm",0
19.004744,"/shooter/rpm",0
19.024903,"/shooter/rpm",0
19.044974,"/shooter/rpm",0
19.064761,"/shooter/rpm",0
19.084824,"/shooter/rpm",0
19.105296,"/shooter/rpm",0
19.124691,"/shooter/rpm",0
19.144918,"/shooter/rpm",0
19.165354,"/shooter/rpm",0
19.185005,"/shooter/rpm",0
19.204771,"/shooter/rpm",0
19.22526,"/shooter/rpm",0
19.244698,"/shooter/rpm",0
19.264624,"/shooter/rpm",0
19.285749,"/shooter/rpm",0
19.304632,"/shooter/rpm",0
19.324701,"/shooter/rpm",0
19.34496,"/shooter/rpm",0
19.364736,"/shooter/rpm",0
19.386347,"/shooter/rpm",0
19.404825,"/shooter/rpm",0
19.424604,"/shooter/rpm",0
19.444654,"/shooter/rpm",0
19.464936,"/shooter/rpm",0
19.48463,"/shooter/rpm",0
19.504721,"/shooter/rpm",0
19.52507,"/shooter/rpm",0
19.544883,"/shooter/rpm",0
19.564702,"/shooter/rpm",0
19.585766,"/shooter/rpm",0
19.604767,"/shooter/rpm",0
19.624745,"/shooter/rpm",0
19.645957,"/shooter/rpm",0
19.665393,"/shooter/rpm",0
19.684794,"/shooter/rpm",0
19.70584,"/shooter/rpm",0
19.724764,"/shooter/rpm",0
19.744664,"/shooter/rpm",0
19.765214,"/shooter/rpm",0
19.784635,"/shooter/rpm",0
19.804784,"/shooter/rpm",0
19.826353,"/shooter/rpm",0
19.844702,"/shooter/rpm",0
19.864761,"/shooter/rpm",0
19.886107,"/shooter/rpm",0
19.904907,"/shooter/rpm",0
19.924811,"/shooter/rpm",0
19.946329,"/shooter/rpm",0
19.964684,"/shooter/rpm",0
19.984712,"/shooter/rpm",0
20.005966,"/shooter/rpm",0
20.024795,"/shooter/rpm",0
20.044818,"/shooter/rpm",0
20.065929,"/shooter/rpm",0
20.084746,"/shooter/rpm",0
20.104746,"/shooter/rpm",0
20.12494,"/shooter/rpm",0
20.144745,"/shooter/rpm",0
20.164862,"/shooter/rpm",0
20.185251,"/shooter/rpm",0
20.204727,"/shooter/rpm",0
20.22478,"/shooter/rpm",0
20.246389,"/shooter/rpm",0
20.264765,"/shooter/rpm",0
20.284865,"/shooter/rpm",0
20.304816,"/shooter/rpm",0
20.324882,"/shooter/rpm",0
20.344868,"/shooter/rpm",0
20.364786,"/shooter/rpm",0
20.3847,"/shooter/rpm",0
20.405903,"/shooter/rpm",0
20.424746,"/shooter/rpm",0
20.444887,"/shooter/rpm",0
20.464926,"/shooter/rpm",0
20.484812,"/shooter/rpm",0
20.507022,"/shooter/rpm",0
20.524874,"/shooter/rpm",0
20.544703,"/shooter/rpm",0
20.564907,"/shooter/rpm",0
20.584709,"/shooter/rpm",0
20.604806,"/shooter/rpm",0
20.624703,"/shooter/rpm",0
20.644781,"/shooter/rpm",0
20.664907,"/shooter/rpm",0
20.684678,"/shooter/rpm",0
20.705261,"/shooter/rpm",0
20.724829,"/shooter/rpm",0
20.744743,"/shooter/rpm",0
20.764976,"/shooter/rpm",0
20.784775,"/shooter/rpm",0
20.804845,"/shooter/rpm",0
20.825241,"/shooter/rpm",0
20.844608,"/shooter/rpm",0
20.864661,"/shooter/rpm",0
20.884787,"/shooter/rpm",0
20.904595,"/shooter/rpm",0
20.924771,"/shooter/rpm",0
20.9449,"/shooter/rpm",0
20.964917,"/shooter/rpm",0
20.984593,"/shooter/rpm",0
21.005922,"/shooter/rpm",0
21.024743,"/shooter/rpm",0
21.044714,"/shooter/rpm",0
21.065975,"/shooter/rpm",0
21.084597,"/shooter/rpm",0
21.10483,"/shooter/rpm",0
21.126022,"/shooter/rpm",0
21.144751,"/shooter/rpm",0
21.164743,"/shooter/rpm",0
21.185187,"/shooter/rpm",0
21.204755,"/shooter/rpm",0
21.224773,"/shooter/rpm",0
21.246066,"/shooter/rpm",0
21.264704,"/shooter/rpm",0
21.284804,"/shooter/rpm",0
21.306099,"/shooter/rpm",0
21.324756,"/shooter/rpm",0
21.344867,"/shooter/rpm",0
21.366357,"/shooter/rpm",0
21.385336,"/shooter/rpm",0
21.404744,"/shooter/rpm",0
21.426325,"/shooter/rpm",0
21.44463,"/shooter/rpm",0
21.464735,"/shooter/rpm",0
21.484717,"/shooter/rpm",0
21.504738,"/shooter/rpm",0
21.525494,"/shooter/rpm",0
21.544895,"/shooter/rpm",0
21.564613,"/shooter/rpm",0
21.584687,"/shooter/rpm",0
21.60479,"/shooter/rpm",0
21.625283,"/shooter/rpm",0
21.645656,"/shooter/rpm",0
21.671818,"/shooter/rpm",0
21.685538,"/shooter/rpm",0
21.704827,"/shooter/rpm",0
21.724735,"/shooter/rpm",0
21.744758,"/shooter/rpm",0
21.764938,"/shooter/rpm",0
21.784763,"/shooter/rpm",0
21.804777,"/shooter/rpm",0
21.824765,"/shooter/rpm",0
21.84483,"/shooter/rpm",0
21.864663,"/shooter/rpm",0
21.884751,"/shooter/rpm",0
21.904822,"/shooter/rpm",0
21.924862,"/shooter/rpm",0
21.944812,"/shooter/rpm",0
21.964689,"/shooter/rpm",0
21.985672,"/shooter/rpm",0
22.004909,"/shooter/rpm",0
22.024805,"/shooter/rpm",0
22.044805,"/shooter/rpm",0
22.065729,"/shooter/rpm",0
22.084647,"/shooter/rpm",0
22.104824,"/shooter/rpm",0
22.124829,"/shooter/rpm",0
22.144815,"/shooter/rpm",0
22.164823,"/shooter/rpm",0
22.184877,"/shooter/rpm",0
22.204726,"/shooter/rpm",0
22.224712,"/shooter/rpm",0
22.245016,"/shooter/rpm",0
22.264764,"/shooter/rpm",0
22.284685,"/shooter/rpm",0
22.30543,"/shooter/rpm",0
22.324788,"/shooter/rpm",0
22.344725,"/shooter/rpm",0
22.365965,"/shooter/rpm",0
22.384812,"/shooter/rpm",0
22.404696,"/shooter/rpm",0
22.426017,"/shooter/rpm",0
22.444735,"/shooter/rpm",0
22.46472,"/shooter/rpm",0
22.486245,"/shooter/rpm",0
22.504839,"/shooter/rpm",0
22.524764,"/shooter/rpm",0
22.546488,"/shooter/rpm",0
22.564698,"/shooter/rpm",0
22.584764,"/shooter/rpm",0
22.605878,"/shooter/rpm",0
22.624744,"/shooter/rpm",0
22.644639,"/shooter/rpm",0
22.665952,"/shooter/rpm",0
22.684944,"/shooter/rpm",0
22.704706,"/shooter/rpm",0
22.726242,"/shooter/rpm",0
22.744689,"/shooter/rpm",0
22.764739,"/shooter/rpm",0
22.786335,"/shooter/rpm",0
22.804597,"/shooter/rpm",0
22.824968,"/shooter/rpm",0
22.844952,"/shooter/rpm",0
22.864803,"/shooter/rpm",0
22.88479,"/shooter/rpm",0
22.904857,"/shooter/rpm",0
22.92474,"/shooter/rpm",0
22.94478,"/shooter/rpm",0
22.964831,"/shooter/rpm",0
22.984834,"/shooter/rpm",0
23.004942,"/shooter/rpm",0
23.024769,"/shooter/rpm",0
23.044972,"/shooter/rpm",0
23.06487,"/shooter/rpm",0
23.085315,"/shooter/rpm",0
23.104804,"/shooter/rpm",0
23.12525,"/shooter/rpm",0
23.1448,"/shooter/rpm",0
23.164901,"/shooter/rpm",0
23.184761,"/shooter/rpm",0
23.204859,"/shooter/rpm",0
23.224812,"/shooter/rpm",0
23.244896,"/shooter/rpm",0
23.264777,"/shooter/rpm",0
23.284724,"/shooter/rpm",0
23.304798,"/shooter/rpm",0
23.325292,"/shooter/rpm",0
23.344726,"/shooter/rpm",0
23.364838,"/shooter/rpm",0
23.385412,"/shooter/rpm",0
23.404704,"/shooter/rpm",0
23.424869,"/shooter/rpm",0
23.44481,"/shooter/rpm",0
23.465253,"/shooter/rpm",0
23.484963,"/shooter/rpm",0
23.504857,"/shooter/rpm",0
23.52485,"/shooter/rpm",0
23.545213,"/shooter/rpm",0
23.566951,"/shooter/rpm",0
23.600965,"/shooter/rpm",0
23.694335,"/shooter/rpm",0
23.703157,"/shooter/rpm",0
23.713404,"/shooter/rpm",0
23.723868,"/shooter/rpm",0
23.735612,"/shooter/rpm",0
23.746266,"/shooter/rpm",0
23.758603,"/shooter/rpm",0
23.762947,"/shooter/rpm",0
23.770925,"/shooter/rpm",0
23.786943,"/shooter/rpm",0
23.804536,"/shooter/rpm",0
23.824735,"/shooter/rpm",0
23.845999,"/shooter/rpm",0
23.865297,"/shooter/rpm",0
23.884745,"/shooter/rpm",0
23.905995,"/shooter/rpm",0
23.924797,"/shooter/rpm",0
23.94461,"/shooter/rpm",0
23.966057,"/shooter/rpm",0
23.984475,"/shooter/rpm",0
24.00468,"/shooter/rpm",0
24.026101,"/shooter/rpm",0
24.044628,"/shooter/rpm",0
24.064555,"/shooter/rpm",0
24.085983,"/shooter/rpm",0
24.104615,"/shooter/rpm",0
24.124812,"/shooter/rpm",0
24.146171,"/shooter/rpm",0
24.164742,"/shooter/rpm",0
24.184555,"/shooter/rpm",0
24.205393,"/shooter/rpm",0
24.224785,"/shooter/rpm",0
24.244851,"/shooter/rpm",0
24.264582,"/shooter/rpm",0
24.285107,"/shooter/rpm",0
24.304583,"/shooter/rpm",0
24.324725,"/shooter/rpm",0
24.344634,"/shooter/rpm",0
24.364674,"/shooter/rpm",0
24.384628,"/shooter/rpm",0
24.40473,"/shooter/rpm",0
24.424569,"/shooter/rpm",0
24.444695,"/shooter/rpm",0
24.464592,"/shooter/rpm",0
24.484834,"/shooter/rpm",0
24.504659,"/shooter/rpm",0
24.524714,"/shooter/rpm",0
24.544845,"/shooter/rpm",0
24.564575,"/shooter/rpm",0
24.584638,"/shooter/rpm",0
24.604825,"/shooter/rpm",0
24.624655,"/shooter/rpm",0
24.644652,"/shooter/rpm",0
24.664762,"/shooter/rpm",0
24.68843,"/shooter/rpm",0
24.704681,"/shooter/rpm",0
24.724585,"/shooter/rpm",0
24.7446,"/shooter/rpm",0
24.764623,"/shooter/rpm",0
24.784692,"/shooter/rpm",0
24.804901,"/shooter/rpm",0
24.824703,"/shooter/rpm",0
24.844876,"/shooter/rpm",0
24.864604,"/shooter/rpm",0
24.884848,"/shooter/rpm",0
24.905392,"/shooter/rpm",0
24.925004,"/shooter/rpm",0
24.944507,"/shooter/rpm",0
24.964841,"/shooter/rpm",0
24.984545,"/shooter/rpm",0
25.004786,"/shooter/rpm",0
25.02474,"/shooter/rpm",0
25.044434,"/shooter/rpm",0
25.064598,"/shooter/rpm",0
25.085879,"/shooter/rpm",0
25.104591,"/shooter/rpm",0
25.124474,"/shooter/rpm",0
25.145506,"/shooter/rpm",0
25.164696,"/shooter/rpm",0
25.184598,"/shooter/rpm",0
25.205679,"/shooter/rpm",0
25.224536,"/shooter/rpm",0
25.244685,"/shooter/rpm",0
25.265237,"/shooter/rpm",0
25.284617,"/shooter/rpm",0
25.304656,"/shooter/rpm",0
25.325197,"/shooter/rpm",0
25.344769,"/shooter/rpm",0
25.364574,"/shooter/rpm",0
25.386018,"/shooter/rpm",0
25.404659,"/shooter/rpm",0
25.424813,"/shooter/rpm",0
25.430255,"/shooter/pid-calculate",0.045090000000000005
25.430267,"/shooter/output",0.1
25.430271,"/shooter/setpoint",9000
25.445989,"/shooter/rpm",0
25.449433,"/shooter/pid-calculate",0.09027000000000002
25.449443,"/shooter/output",0.1
25.449447,"/shooter/setpoint",9000
25.464613,"/shooter/rpm",0
25.46646,"/shooter/pid-calculate",0.13546986000000003
25.466471,"/shooter/output",0.13546986000000003
25.466475,"/shooter/setpoint",9000
25.48485,"/shooter/rpm",14
25.486599,"/shooter/pid-calculate",0.18057421000000004
25.486609,"/shooter/output",0.18057421000000004
25.486613,"/shooter/setpoint",9000
25.505972,"/shooter/rpm",142
25.507617,"/shooter/pid-calculate",0.22531214000000005
25.507629,"/shooter/output",0.22531214000000005
25.507633,"/shooter/setpoint",9000
25.524563,"/shooter/rpm",142
25.526119,"/shooter/pid-calculate",0.26938214000000005
25.52613,"/shooter/output",0.26938214000000005
25.526134,"/shooter/setpoint",9000
25.544532,"/shooter/rpm",293
25.546023,"/shooter/pid-calculate",0.31242198000000004
25.546033,"/shooter/output",0.31242198000000004
25.546037,"/shooter/setpoint",9000
25.566014,"/shooter/rpm",805
25.568616,"/shooter/pid-calculate",0.35409877000000006
25.568627,"/shooter/output",0.35409877000000006
25.568631,"/shooter/setpoint",9000
25.584894,"/shooter/rpm",805
25.586658,"/shooter/pid-calculate",0.39408397000000006
25.586668,"/shooter/output",0.39408397000000006
25.586672,"/shooter/setpoint",9000
25.604844,"/shooter/rpm",1159
25.606682,"/shooter/pid-calculate",0.4321736400000001
25.606692,"/shooter/output",0.4321736400000001
25.606696,"/shooter/setpoint",9000
25.624856,"/shooter/rpm",1553
25.630157,"/shooter/pid-calculate",0.46820853000000007
25.630168,"/shooter/output",0.46820853000000007
25.630172,"/shooter/setpoint",9000
25.644804,"/shooter/rpm",1978
25.646395,"/shooter/pid-calculate",0.5043136400000001
25.646406,"/shooter/output",0.5043136400000001
25.64641,"/shooter/setpoint",9000
25.664633,"/shooter/rpm",2893
25.666322,"/shooter/pid-calculate",0.5359048200000002
25.666332,"/shooter/output",0.5359048200000002
25.666337,"/shooter/setpoint",9000
25.6847,"/shooter/rpm",3366
25.690715,"/shooter/pid-calculate",0.5651873400000001
25.690727,"/shooter/output",0.5651873400000001
25.690731,"/shooter/setpoint",9000
25.705008,"/shooter/rpm",3843
25.706696,"/shooter/pid-calculate",0.5921364300000002
25.706707,"/shooter/output",0.5921364300000002
25.706711,"/shooter/setpoint",9000
25.724726,"/shooter/rpm",3843
25.726505,"/shooter/pid-calculate",0.6167122500000002
25.726515,"/shooter/output",0.6167122500000002
25.726519,"/shooter/setpoint",9000
25.744659,"/shooter/rpm",4327
25.750361,"/shooter/pid-calculate",0.6388849100000001
25.750372,"/shooter/output",0.6388849100000001
25.750376,"/shooter/setpoint",9000
25.764624,"/shooter/rpm",4816
25.766127,"/shooter/pid-calculate",0.6610994100000002
25.766137,"/shooter/output",0.6610994100000002
25.766141,"/shooter/setpoint",9000
25.784704,"/shooter/rpm",5764
25.786244,"/shooter/pid-calculate",0.6786062700000002
25.786254,"/shooter/output",0.6786062700000002
25.786258,"/shooter/setpoint",9000
25.804583,"/shooter/rpm",6233
25.810356,"/shooter/pid-calculate",0.6937958000000002
25.810367,"/shooter/output",0.6937958000000002
25.810371,"/shooter/setpoint",9000
25.82461,"/shooter/rpm",6688
25.82641,"/shooter/pid-calculate",0.7067334500000002
25.826421,"/shooter/output",0.7067334500000002
25.826425,"/shooter/setpoint",9000
25.844658,"/shooter/rpm",7134
25.846204,"/shooter/pid-calculate",0.7174597600000002
25.846215,"/shooter/output",0.7174597600000002
25.846219,"/shooter/setpoint",9000
25.864823,"/shooter/rpm",7576
25.869502,"/shooter/pid-calculate",0.7259903100000002
25.869513,"/shooter/output",0.7259903100000002
25.869517,"/shooter/setpoint",9000
25.884725,"/shooter/rpm",7576
25.886527,"/shooter/pid-calculate",0.7324158700000003
25.886538,"/shooter/output",0.7324158700000003
25.886542,"/shooter/setpoint",9000
25.904587,"/shooter/rpm",7999
25.906198,"/shooter/pid-calculate",0.7368173800000003
25.906209,"/shooter/output",0.7368173800000003
25.906213,"/shooter/setpoint",9000
25.924539,"/shooter/rpm",8405
25.929749,"/shooter/pid-calculate",0.7392408800000003
25.929761,"/shooter/output",0.7392408800000003
25.929765,"/shooter/setpoint",9000
25.944926,"/shooter/rpm",8801
25.946565,"/shooter/pid-calculate",0.7416663700000004
25.946576,"/shooter/output",0.7416663700000004
25.94658,"/shooter/setpoint",9000
25.964674,"/shooter/rpm",9533
25.966275,"/shooter/pid-calculate",0.7404265300000004
25.966285,"/shooter/output",0.7404265300000004
25.966289,"/shooter/setpoint",9000
25.984708,"/shooter/rpm",9873
25.990761,"/shooter/pid-calculate",0.7374779600000003
25.990772,"/shooter/output",0.7374779600000003
25.990776,"/shooter/setpoint",9000
26.004736,"/shooter/rpm",10201
26.006438,"/shooter/pid-calculate",0.7328773800000004
26.006448,"/shooter/output",0.7328773800000004
26.006452,"/shooter/setpoint",9000
26.024532,"/shooter/rpm",10501
26.026153,"/shooter/pid-calculate",0.7267617900000004
26.026163,"/shooter/output",0.7267617900000004
26.026167,"/shooter/setpoint",9000
26.044595,"/shooter/rpm",10788
26.047655,"/shooter/pid-calculate",0.7191933200000004
26.047665,"/shooter/output",0.7191933200000004
26.047669,"/shooter/setpoint",9000
26.064671,"/shooter/rpm",11049
26.066283,"/shooter/pid-calculate",0.7102993600000004
26.066294,"/shooter/output",0.7102993600000004
26.066298,"/shooter/setpoint",9000
26.08451,"/shooter/rpm",11291
26.08619,"/shooter/pid-calculate",0.7001724900000004
26.0862,"/shooter/output",0.7001724900000004
26.086204,"/shooter/setpoint",9000
26.104659,"/shooter/rpm",11505
26.107534,"/shooter/pid-calculate",0.6889505700000004
26.109228,"/shooter/output",0.6889505700000004
26.109241,"/shooter/setpoint",9000
26.124736,"/shooter/rpm",11707
26.126248,"/shooter/pid-calculate",0.6766915800000004
26.126258,"/shooter/output",0.6766915800000004
26.126262,"/shooter/setpoint",9000
26.144791,"/shooter/rpm",11883
26.146419,"/shooter/pid-calculate",0.6635237600000004
26.14643,"/shooter/output",0.6635237600000004
26.146434,"/shooter/setpoint",9000
26.164804,"/shooter/rpm",12038
26.166634,"/shooter/pid-calculate",0.6495505600000003
26.166645,"/shooter/output",0.6495505600000003
26.166649,"/shooter/setpoint",9000
26.184788,"/shooter/rpm",12165
26.186715,"/shooter/pid-calculate",0.6349107100000003
26.186726,"/shooter/output",0.6349107100000003
26.18673,"/shooter/setpoint",9000
26.204737,"/shooter/rpm",12165
26.206387,"/shooter/pid-calculate",0.6196780900000003
26.206397,"/shooter/output",0.6196780900000003
26.206401,"/shooter/setpoint",9000
26.224653,"/shooter/rpm",12277
26.226469,"/shooter/pid-calculate",0.6039818400000003
26.226479,"/shooter/output",0.6039818400000003
26.226483,"/shooter/setpoint",9000
26.244862,"/shooter/rpm",12363
26.24729,"/shooter/pid-calculate",0.5879213000000003
26.247775,"/shooter/output",0.5879213000000003
26.247799,"/shooter/setpoint",9000
26.264716,"/shooter/rpm",12429
26.267287,"/shooter/pid-calculate",0.5718264700000003
26.267302,"/shooter/output",0.5718264700000003
26.267307,"/shooter/setpoint",9000
26.284699,"/shooter/rpm",12497
26.286327,"/shooter/pid-calculate",0.5553566700000003
26.286338,"/shooter/output",0.5553566700000003
26.286342,"/shooter/setpoint",9000
26.3046,"/shooter/rpm",12508
26.306339,"/shooter/pid-calculate",0.5387967900000004
26.306349,"/shooter/output",0.5387967900000004
26.306353,"/shooter/setpoint",9000
26.324613,"/shooter/rpm",12495
26.32629,"/shooter/pid-calculate",0.5222669600000004
26.326301,"/shooter/output",0.5222669600000004
26.326305,"/shooter/setpoint",9000
26.344557,"/shooter/rpm",12461
26.346173,"/shooter/pid-calculate",0.5058725200000004
26.346184,"/shooter/output",0.5058725200000004
26.346188,"/shooter/setpoint",9000
26.365001,"/shooter/rpm",12409
26.366744,"/shooter/pid-calculate",0.48970399000000037
26.366759,"/shooter/output",0.48970399000000037
26.366763,"/shooter/setpoint",9000
26.384884,"/shooter/rpm",12363
26.386497,"/shooter/pid-calculate",0.47373183000000035
26.386509,"/shooter/output",0.47373183000000035
26.386513,"/shooter/setpoint",9000
26.40453,"/shooter/rpm",12363
26.406283,"/shooter/pid-calculate",0.45814688000000037
26.406294,"/shooter/output",0.45814688000000037
26.406298,"/shooter/setpoint",9000
26.424939,"/shooter/rpm",12279
26.427117,"/shooter/pid-calculate",0.44299006000000035
26.427185,"/shooter/output",0.44299006000000035
26.427189,"/shooter/setpoint",9000
26.445048,"/shooter/rpm",12187
26.446657,"/shooter/pid-calculate",0.42780137000000035
26.446668,"/shooter/output",0.42780137000000035
26.446672,"/shooter/setpoint",9000
26.464769,"/shooter/rpm",11968
26.466649,"/shooter/pid-calculate",0.4136780000000003
26.466909,"/shooter/output",0.4136780000000003
26.466915,"/shooter/setpoint",9000
26.485304,"/shooter/rpm",11831
26.486929,"/shooter/pid-calculate",0.4002113200000003
26.486943,"/shooter/output",0.4002113200000003
26.486947,"/shooter/setpoint",9000
26.505966,"/shooter/rpm",11693
26.508456,"/shooter/pid-calculate",0.3874077100000003
26.508467,"/shooter/output",0.3874077100000003
26.508471,"/shooter/setpoint",9000
26.524506,"/shooter/rpm",11693
26.526636,"/shooter/pid-calculate",0.3752986100000003
26.526647,"/shooter/output",0.3752986100000003
26.526651,"/shooter/setpoint",9000
26.544678,"/shooter/rpm",11549
26.546238,"/shooter/pid-calculate",0.3639806500000003
26.546249,"/shooter/output",0.3639806500000003
26.546253,"/shooter/setpoint",9000
26.564923,"/shooter/rpm",11386
26.566712,"/shooter/pid-calculate",0.3534554600000003
26.566722,"/shooter/output",0.3534554600000003
26.566726,"/shooter/setpoint",9000
26.584594,"/shooter/rpm",11223
26.586179,"/shooter/pid-calculate",0.3437847900000003
26.58619,"/shooter/output",0.3437847900000003
26.586194,"/shooter/setpoint",9000
26.604709,"/shooter/rpm",11048
26.606471,"/shooter/pid-calculate",0.3350154800000003
26.606481,"/shooter/output",0.3350154800000003
26.606485,"/shooter/setpoint",9000
26.62676,"/shooter/rpm",10671
26.629387,"/shooter/pid-calculate",0.3271944600000003
26.629398,"/shooter/output",0.3271944600000003
26.629402,"/shooter/setpoint",9000
26.644643,"/shooter/rpm",10671
26.646379,"/shooter/pid-calculate",0.3193567300000003
26.64639,"/shooter/output",0.3193567300000003
26.646394,"/shooter/setpoint",9000
26.664601,"/shooter/rpm",10283
26.666331,"/shooter/pid-calculate",0.3134461700000003
26.666341,"/shooter/output",0.3134461700000003
26.666345,"/shooter/setpoint",9000
26.685818,"/shooter/rpm",10083
26.687963,"/shooter/pid-calculate",0.3085247800000003
26.687983,"/shooter/output",0.3085247800000003
26.687987,"/shooter/setpoint",9000
26.705212,"/shooter/rpm",10083
26.706815,"/shooter/pid-calculate",0.3045745200000003
26.706827,"/shooter/output",0.3045745200000003
26.706831,"/shooter/setpoint",9000
26.725097,"/shooter/rpm",9887
26.729582,"/shooter/pid-calculate",0.3016023600000003
26.729595,"/shooter/output",0.3016023600000003
26.729599,"/shooter/setpoint",9000
26.745425,"/shooter/rpm",9690
26.747025,"/shooter/pid-calculate",0.2986233000000003
26.747037,"/shooter/output",0.2986233000000003
26.747041,"/shooter/setpoint",9000
26.764568,"/shooter/rpm",9306
26.76631,"/shooter/pid-calculate",0.2975611800000003
26.76632,"/shooter/output",0.2975611800000003
26.766324,"/shooter/setpoint",9000
26.784934,"/shooter/rpm",9125
26.786521,"/shooter/pid-calculate",0.2974028100000003
26.786533,"/shooter/output",0.2974028100000003
26.786537,"/shooter/setpoint",9000
26.806424,"/shooter/rpm",8950
26.809113,"/shooter/pid-calculate",0.2981199400000003
26.809125,"/shooter/output",0.2981199400000003
26.809129,"/shooter/setpoint",9000
26.824538,"/shooter/rpm",8950
26.826352,"/shooter/pid-calculate",0.2996642200000003
26.826363,"/shooter/output",0.2996642200000003
26.826367,"/shooter/setpoint",9000
26.844779,"/shooter/rpm",8785
26.847392,"/shooter/pid-calculate",0.3019922100000003
26.847404,"/shooter/output",0.3019922100000003
26.847408,"/shooter/setpoint",9000
26.866034,"/shooter/rpm",8629
26.868007,"/shooter/pid-calculate",0.3050704000000003
26.86802,"/shooter/output",0.3050704000000003
26.868024,"/shooter/setpoint",9000
26.884752,"/shooter/rpm",8480
26.886402,"/shooter/pid-calculate",0.3081537900000003
26.886413,"/shooter/output",0.3081537900000003
26.886417,"/shooter/setpoint",9000
26.904728,"/shooter/rpm",8218
26.906489,"/shooter/pid-calculate",0.3125550000000003
26.906499,"/shooter/output",0.3125550000000003
26.906503,"/shooter/setpoint",9000
26.926171,"/shooter/rpm",8101
26.928611,"/shooter/pid-calculate",0.3175502000000003
26.928623,"/shooter/output",0.3175502000000003
26.928627,"/shooter/setpoint",9000
26.944734,"/shooter/rpm",8101
26.946906,"/shooter/pid-calculate",0.3230804400000003
26.946917,"/shooter/output",0.3230804400000003
26.946921,"/shooter/setpoint",9000
26.964699,"/shooter/rpm",7996
26.966615,"/shooter/pid-calculate",0.3286207200000003
26.966625,"/shooter/output",0.3286207200000003
26.966629,"/shooter/setpoint",9000
26.984792,"/shooter/rpm",7823
26.990638,"/shooter/pid-calculate",0.3350377700000003
26.99065,"/shooter/output",0.3350377700000003
26.990653,"/shooter/setpoint",9000
27.004596,"/shooter/rpm",7823
27.006436,"/shooter/pid-calculate",0.3418323200000003
27.006449,"/shooter/output",0.3418323200000003
27.006453,"/shooter/setpoint",9000
27.024612,"/shooter/rpm",7750
27.026321,"/shooter/pid-calculate",0.3489299500000003
27.026332,"/shooter/output",0.3489299500000003
27.026336,"/shooter/setpoint",9000
27.044694,"/shooter/rpm",7692
27.050379,"/shooter/pid-calculate",0.35625108000000033
27.050391,"/shooter/output",0.35625108000000033
27.050395,"/shooter/setpoint",9000
27.064554,"/shooter/rpm",7650
27.066468,"/shooter/pid-calculate",0.36358571000000034
27.066479,"/shooter/output",0.36358571000000034
27.066483,"/shooter/setpoint",9000
27.084972,"/shooter/rpm",7594
27.086717,"/shooter/pid-calculate",0.37121440000000033
27.086727,"/shooter/output",0.37121440000000033
27.086731,"/shooter/setpoint",9000
27.104523,"/shooter/rpm",7594
27.109859,"/shooter/pid-calculate",0.3789072500000003
27.109869,"/shooter/output",0.3789072500000003
27.109873,"/shooter/setpoint",9000
27.124491,"/shooter/rpm",7584
27.126251,"/shooter/pid-calculate",0.3866142600000003
27.126261,"/shooter/output",0.3866142600000003
27.126265,"/shooter/setpoint",9000
27.144834,"/shooter/rpm",7594
27.146551,"/shooter/pid-calculate",0.3942853300000003
27.146561,"/shooter/output",0.3942853300000003
27.146565,"/shooter/setpoint",9000
27.164831,"/shooter/rpm",7611
27.169269,"/shooter/pid-calculate",0.40188529000000034
27.16928,"/shooter/output",0.40188529000000034
27.169283,"/shooter/setpoint",9000
27.184688,"/shooter/rpm",7611
27.186619,"/shooter/pid-calculate",0.4093488400000003
27.18663,"/shooter/output",0.4093488400000003
27.186634,"/shooter/setpoint",9000
27.204619,"/shooter/rpm",7641
27.206286,"/shooter/pid-calculate",0.4166456200000003
27.206296,"/shooter/output",0.4166456200000003
27.2063,"/shooter/setpoint",9000
27.224661,"/shooter/rpm",7677
27.229867,"/shooter/pid-calculate",0.4237452100000003
27.229878,"/shooter/output",0.4237452100000003
27.229882,"/shooter/setpoint",9000
27.244602,"/shooter/rpm",7719
27.246473,"/shooter/pid-calculate",0.43085761000000034
27.246483,"/shooter/output",0.43085761000000034
27.246487,"/shooter/setpoint",9000
27.265415,"/shooter/rpm",7834
27.267064,"/shooter/pid-calculate",0.43740667000000033
27.267075,"/shooter/output",0.43740667000000033
27.267078,"/shooter/setpoint",9000
27.284702,"/shooter/rpm",7834
27.289834,"/shooter/pid-calculate",0.44362170000000034
27.289845,"/shooter/output",0.44362170000000034
27.289849,"/shooter/setpoint",9000
27.304715,"/shooter/rpm",7903
27.306436,"/shooter/pid-calculate",0.44947195000000034
27.306447,"/shooter/output",0.44947195000000034
27.306451,"/shooter/setpoint",9000
27.324556,"/shooter/rpm",7978
27.326227,"/shooter/pid-calculate",0.45497671000000034
27.32624,"/shooter/output",0.45497671000000034
27.326244,"/shooter/setpoint",9000
27.344845,"/shooter/rpm",8049
27.350464,"/shooter/pid-calculate",0.4600751500000003
27.350475,"/shooter/output",0.4600751500000003
27.350479,"/shooter/setpoint",9000
27.364653,"/shooter/rpm",8132
27.366223,"/shooter/pid-calculate",0.46518227000000034
27.366234,"/shooter/output",0.46518227000000034
27.366238,"/shooter/setpoint",9000
27.38464,"/shooter/rpm",8301
27.386285,"/shooter/pid-calculate",0.46945138000000036
27.386295,"/shooter/output",0.46945138000000036
27.386299,"/shooter/setpoint",9000
27.404581,"/shooter/rpm",8389
27.40985,"/shooter/pid-calculate",0.47328660000000033
27.409861,"/shooter/output",0.47328660000000033
27.409865,"/shooter/setpoint",9000
27.424541,"/shooter/rpm",8488
27.426064,"/shooter/pid-calculate",0.4766319400000003
27.426075,"/shooter/output",0.4766319400000003
27.426078,"/shooter/setpoint",9000
27.444627,"/shooter/rpm",8574
27.446117,"/shooter/pid-calculate",0.47955154000000033
27.446127,"/shooter/output",0.47955154000000033
27.446131,"/shooter/setpoint",9000
27.464708,"/shooter/rpm",8665
27.468722,"/shooter/pid-calculate",0.48201949000000033
27.468838,"/shooter/output",0.48201949000000033
27.468845,"/shooter/setpoint",9000
27.484598,"/shooter/rpm",8755
27.486252,"/shooter/pid-calculate",0.4840398900000003
27.486262,"/shooter/output",0.4840398900000003
27.486266,"/shooter/setpoint",9000
27.504668,"/shooter/rpm",8840
27.506327,"/shooter/pid-calculate",0.4856368900000003
27.506338,"/shooter/output",0.4856368900000003
27.506342,"/shooter/setpoint",9000
27.524627,"/shooter/rpm",8921
27.526404,"/shooter/pid-calculate",0.4868296800000003
27.526414,"/shooter/output",0.4868296800000003
27.526419,"/shooter/setpoint",9000
27.54537,"/shooter/rpm",9012
27.54818,"/shooter/pid-calculate",0.48756735000000034
27.54821,"/shooter/output",0.48756735000000034
27.548214,"/shooter/setpoint",9000
27.564887,"/shooter/rpm",9093
27.56637,"/shooter/pid-calculate",0.48789909000000037
27.566381,"/shooter/output",0.48789909000000037
27.566385,"/shooter/setpoint",9000
27.58478,"/shooter/rpm",9174
27.586901,"/shooter/pid-calculate",0.4878240900000004
27.586912,"/shooter/output",0.4878240900000004
27.586917,"/shooter/setpoint",9000
27.604602,"/shooter/rpm",9174
27.606638,"/shooter/pid-calculate",0.48739164000000035
27.606651,"/shooter/output",0.48739164000000035
27.606655,"/shooter/setpoint",9000
27.624531,"/shooter/rpm",9245
27.626685,"/shooter/pid-calculate",0.4866110500000003
27.626696,"/shooter/output",0.4866110500000003
27.6267,"/shooter/setpoint",9000
27.646949,"/shooter/rpm",9374
27.651603,"/shooter/pid-calculate",0.4855267200000003
27.651614,"/shooter/output",0.4855267200000003
27.651618,"/shooter/setpoint",9000
27.664674,"/shooter/rpm",9374
27.666168,"/shooter/pid-calculate",0.4844386500000003
27.666179,"/shooter/output",0.4844386500000003
27.666182,"/shooter/setpoint",9000
27.684718,"/shooter/rpm",9485
27.686387,"/shooter/pid-calculate",0.4827907300000003
27.686398,"/shooter/output",0.4827907300000003
27.686402,"/shooter/setpoint",9000
27.704615,"/shooter/rpm",9538
27.70665,"/shooter/pid-calculate",0.4808724300000003
27.706663,"/shooter/output",0.4808724300000003
27.706667,"/shooter/setpoint",9000
27.724998,"/shooter/rpm",9587
27.726709,"/shooter/pid-calculate",0.4787032600000003
27.72672,"/shooter/output",0.4787032600000003
27.726724,"/shooter/setpoint",9000
27.744646,"/shooter/rpm",9587
27.746347,"/shooter/pid-calculate",0.4763228100000003
27.746362,"/shooter/output",0.4763228100000003
27.746366,"/shooter/setpoint",9000
27.764693,"/shooter/rpm",9628
27.766474,"/shooter/pid-calculate",0.4737457000000003
27.766484,"/shooter/output",0.4737457000000003
27.766488,"/shooter/setpoint",9000
27.784565,"/shooter/rpm",9666
27.786762,"/shooter/pid-calculate",0.47101163000000035
27.786773,"/shooter/output",0.47101163000000035
27.786777,"/shooter/setpoint",9000
27.806022,"/shooter/rpm",9718
27.808381,"/shooter/pid-calculate",0.4681603800000003
27.808392,"/shooter/output",0.4681603800000003
27.808396,"/shooter/setpoint",9000
27.824535,"/shooter/rpm",9718
27.826237,"/shooter/pid-calculate",0.46520676000000033
27.826247,"/shooter/output",0.46520676000000033
27.826251,"/shooter/setpoint",9000
27.844604,"/shooter/rpm",9737
27.846406,"/shooter/pid-calculate",0.4621505800000003
27.846417,"/shooter/output",0.4621505800000003
27.846421,"/shooter/setpoint",9000
27.865717,"/shooter/rpm",9756
27.867729,"/shooter/pid-calculate",0.45901670000000033
27.867741,"/shooter/output",0.45901670000000033
27.867745,"/shooter/setpoint",9000
27.884544,"/shooter/rpm",9770
27.88642,"/shooter/pid-calculate",0.45581500000000036
27.88643,"/shooter/output",0.45581500000000036
27.886434,"/shooter/setpoint",9000
27.904693,"/shooter/rpm",9782
27.906456,"/shooter/pid-calculate",0.45255037000000037
27.906531,"/shooter/output",0.45255037000000037
27.906537,"/shooter/setpoint",9000
27.926181,"/shooter/rpm",9798
27.928342,"/shooter/pid-calculate",0.44925276000000036
27.928353,"/shooter/output",0.44925276000000036
27.928357,"/shooter/setpoint",9000
27.944565,"/shooter/rpm",9798
27.946367,"/shooter/pid-calculate",0.44595719000000034
27.946377,"/shooter/output",0.44595719000000034
27.946381,"/shooter/setpoint",9000
27.964642,"/shooter/rpm",9796
27.966264,"/shooter/pid-calculate",0.44269374000000034
27.966275,"/shooter/output",0.44269374000000034
27.966279,"/shooter/setpoint",9000
27.985791,"/shooter/rpm",9781
27.989172,"/shooter/pid-calculate",0.43945748000000034
27.989187,"/shooter/output",0.43945748000000034
27.989191,"/shooter/setpoint",9000
28.004681,"/shooter/rpm",9781
28.006226,"/shooter/pid-calculate",0.43627353000000035
28.006236,"/shooter/output",0.43627353000000035
28.00624,"/shooter/setpoint",9000
28.024573,"/shooter/rpm",9769
28.026416,"/shooter/pid-calculate",0.4331470200000003
28.026427,"/shooter/output",0.4331470200000003
28.026431,"/shooter/setpoint",9000
28.045967,"/shooter/rpm",9742
28.048417,"/shooter/pid-calculate",0.43008309000000033
28.048428,"/shooter/output",0.43008309000000033
28.048432,"/shooter/setpoint",9000
28.064639,"/shooter/rpm",9742
28.066166,"/shooter/pid-calculate",0.42708188000000036
28.066177,"/shooter/output",0.42708188000000036
28.066181,"/shooter/setpoint",9000
28.084532,"/shooter/rpm",9728
28.086268,"/shooter/pid-calculate",0.4241836100000004
28.086279,"/shooter/output",0.4241836100000004
28.086283,"/shooter/setpoint",9000
28.105711,"/shooter/rpm",9706
28.107544,"/shooter/pid-calculate",0.4213784800000004
28.107554,"/shooter/output",0.4213784800000004
28.107558,"/shooter/setpoint",9000
28.12456,"/shooter/rpm",9686
28.126218,"/shooter/pid-calculate",0.41869174000000037
28.126229,"/shooter/output",0.41869174000000037
28.126234,"/shooter/setpoint",9000
28.144598,"/shooter/rpm",9661
28.146145,"/shooter/pid-calculate",0.4161386700000004
28.146155,"/shooter/output",0.4161386700000004
28.146159,"/shooter/setpoint",9000
28.165681,"/shooter/rpm",9633
28.167227,"/shooter/pid-calculate",0.41375462000000035
28.167239,"/shooter/output",0.41375462000000035
28.167243,"/shooter/setpoint",9000
28.184597,"/shooter/rpm",9598
28.186546,"/shooter/pid-calculate",0.41154495000000035
28.186623,"/shooter/output",0.41154495000000035
28.186628,"/shooter/setpoint",9000
28.204571,"/shooter/rpm",9562
28.206191,"/shooter/pid-calculate",0.40952004000000036
28.206202,"/shooter/output",0.40952004000000036
28.206206,"/shooter/setpoint",9000
28.225623,"/shooter/rpm",9524
28.228834,"/shooter/pid-calculate",0.40768027000000034
28.228849,"/shooter/output",0.40768027000000034
28.228852,"/shooter/setpoint",9000
28.244514,"/shooter/rpm",9486
28.246219,"/shooter/pid-calculate",0.40583564000000033
28.24623,"/shooter/output",0.40583564000000033
28.246234,"/shooter/setpoint",9000
28.264639,"/shooter/rpm",9412
28.266323,"/shooter/pid-calculate",0.4043568900000003
28.266425,"/shooter/output",0.4043568900000003
28.266429,"/shooter/setpoint",9000
28.285534,"/shooter/rpm",9376
28.287767,"/shooter/pid-calculate",0.4030543800000003
28.287859,"/shooter/output",0.4030543800000003
28.287863,"/shooter/setpoint",9000
28.30506,"/shooter/rpm",9336
28.306572,"/shooter/pid-calculate",0.4019485100000003
28.306584,"/shooter/output",0.4019485100000003
28.306588,"/shooter/setpoint",9000
28.324996,"/shooter/rpm",9299
28.327282,"/shooter/pid-calculate",0.4010246500000003
28.327293,"/shooter/output",0.4010246500000003
28.327297,"/shooter/setpoint",9000
28.344833,"/shooter/rpm",9262
28.349002,"/shooter/pid-calculate",0.4002831700000003
28.349027,"/shooter/output",0.4002831700000003
28.349031,"/shooter/setpoint",9000
28.364739,"/shooter/rpm",9262
28.366335,"/shooter/pid-calculate",0.3997444800000003
28.366345,"/shooter/output",0.3997444800000003
28.366349,"/shooter/setpoint",9000
28.384662,"/shooter/rpm",9221
28.386298,"/shooter/pid-calculate",0.39939396000000027
28.386315,"/shooter/output",0.39939396000000027
28.386319,"/shooter/setpoint",9000
28.404927,"/shooter/rpm",9183
28.409877,"/shooter/pid-calculate",0.3992370000000003
28.409889,"/shooter/output",0.3992370000000003
28.409893,"/shooter/setpoint",9000
28.42461,"/shooter/rpm",9144
28.426185,"/shooter/pid-calculate",0.3990786000000003
28.426196,"/shooter/output",0.3990786000000003
28.4262,"/shooter/setpoint",9000
28.444521,"/shooter/rpm",9074
28.446112,"/shooter/pid-calculate",0.3992694600000003
28.446122,"/shooter/output",0.3992694600000003
28.446126,"/shooter/setpoint",9000
28.46497,"/shooter/rpm",9043
28.472661,"/shooter/pid-calculate",0.3996148900000003
28.472673,"/shooter/output",0.3996148900000003
28.472676,"/shooter/setpoint",9000
28.48475,"/shooter/rpm",9043
28.486349,"/shooter/pid-calculate",0.4001252200000003
28.486361,"/shooter/output",0.4001252200000003
28.486364,"/shooter/setpoint",9000
28.504463,"/shooter/rpm",9010
28.505921,"/shooter/pid-calculate",0.4007456700000003
28.50593,"/shooter/output",0.4007456700000003
28.505934,"/shooter/setpoint",9000
28.524647,"/shooter/rpm",8988
28.529025,"/shooter/pid-calculate",0.4015015100000003
28.529039,"/shooter/output",0.4015015100000003
28.529043,"/shooter/setpoint",9000
28.544566,"/shooter/rpm",8961
28.550083,"/shooter/pid-calculate",0.4023829900000003
28.550098,"/shooter/output",0.4023829900000003
28.550103,"/shooter/setpoint",9000
28.569123,"/shooter/rpm",8936
28.571207,"/shooter/pid-calculate",0.40339537000000025
28.571217,"/shooter/output",0.40339537000000025
28.571221,"/shooter/setpoint",9000
28.584886,"/shooter/rpm",8910
28.590795,"/shooter/pid-calculate",0.40440865000000026
28.590805,"/shooter/output",0.40440865000000026
28.590809,"/shooter/setpoint",9000
28.60495,"/shooter/rpm",8885
28.606529,"/shooter/pid-calculate",0.40554808000000026
28.606539,"/shooter/output",0.40554808000000026
28.606543,"/shooter/setpoint",9000
28.624795,"/shooter/rpm",8869
28.626307,"/shooter/pid-calculate",0.40676882000000025
28.626318,"/shooter/output",0.40676882000000025
28.626321,"/shooter/setpoint",9000
28.644627,"/shooter/rpm",8869
28.649142,"/shooter/pid-calculate",0.40805600000000025
28.649154,"/shooter/output",0.40805600000000025
28.649158,"/shooter/setpoint",9000
28.666226,"/shooter/rpm",8856
28.669092,"/shooter/pid-calculate",0.40936466000000027
28.669104,"/shooter/output",0.40936466000000027
28.669107,"/shooter/setpoint",9000
28.684628,"/shooter/rpm",8852
28.68607,"/shooter/pid-calculate",0.4106748000000003
28.686082,"/shooter/output",0.4106748000000003
28.686086,"/shooter/setpoint",9000
28.704814,"/shooter/rpm",8829
28.710268,"/shooter/pid-calculate",0.41210165000000026
28.710279,"/shooter/output",0.41210165000000026
28.710283,"/shooter/setpoint",9000
28.724744,"/shooter/rpm",8829
28.72632,"/shooter/pid-calculate",0.4135001500000003
28.72633,"/shooter/output",0.4135001500000003
28.726334,"/shooter/setpoint",9000
28.7446,"/shooter/rpm",8835
28.74598,"/shooter/pid-calculate",0.4148802600000003
28.745991,"/shooter/output",0.4148802600000003
28.745995,"/shooter/setpoint",9000
28.764574,"/shooter/rpm",8839
28.770645,"/shooter/pid-calculate",0.4162669900000003
28.770661,"/shooter/output",0.4162669900000003
28.770665,"/shooter/setpoint",9000
28.784896,"/shooter/rpm",8838
28.786485,"/shooter/pid-calculate",0.41765534000000026
28.786496,"/shooter/output",0.41765534000000026
28.7865,"/shooter/setpoint",9000
28.804766,"/shooter/rpm",8843
28.806371,"/shooter/pid-calculate",0.41902026000000026
28.806381,"/shooter/output",0.41902026000000026
28.806385,"/shooter/setpoint",9000
28.824593,"/shooter/rpm",8843
28.830424,"/shooter/pid-calculate",0.42037673000000025
28.830435,"/shooter/output",0.42037673000000025
28.830439,"/shooter/setpoint",9000
28.844653,"/shooter/rpm",8845
28.846124,"/shooter/pid-calculate",0.42173475000000027
28.846134,"/shooter/output",0.42173475000000027
28.846138,"/shooter/setpoint",9000
28.864794,"/shooter/rpm",8852
28.866244,"/shooter/pid-calculate",0.4230592500000003
28.866254,"/shooter/output",0.4230592500000003
28.866258,"/shooter/setpoint",9000
28.884645,"/shooter/rpm",8852
28.886342,"/shooter/pid-calculate",0.4242950500000003
28.886353,"/shooter/output",0.4242950500000003
28.886357,"/shooter/setpoint",9000
28.904771,"/shooter/rpm",8870
28.906494,"/shooter/pid-calculate",0.4254970800000003
28.906505,"/shooter/output",0.4254970800000003
28.906509,"/shooter/setpoint",9000
28.924738,"/shooter/rpm",8877
28.926369,"/shooter/pid-calculate",0.4266702800000003
28.926379,"/shooter/output",0.4266702800000003
28.926383,"/shooter/setpoint",9000
28.944778,"/shooter/rpm",8883
28.946355,"/shooter/pid-calculate",0.4277795200000003
28.946366,"/shooter/output",0.4277795200000003
28.94637,"/shooter/setpoint",9000
28.964831,"/shooter/rpm",8896
28.968087,"/shooter/pid-calculate",0.4288497200000003
28.968099,"/shooter/output",0.4288497200000003
28.968103,"/shooter/setpoint",9000
28.984585,"/shooter/rpm",8904
28.986283,"/shooter/pid-calculate",0.42992088000000034
28.986294,"/shooter/output",0.42992088000000034
28.986298,"/shooter/setpoint",9000
29.004603,"/shooter/rpm",8919
29.006445,"/shooter/pid-calculate",0.4309178500000003
29.006457,"/shooter/output",0.4309178500000003
29.006462,"/shooter/setpoint",9000
29.025191,"/shooter/rpm",8935
29.026642,"/shooter/pid-calculate",0.43183547000000033
29.026653,"/shooter/output",0.43183547000000033
29.026656,"/shooter/setpoint",9000
29.044681,"/shooter/rpm",8935
29.04659,"/shooter/pid-calculate",0.4326585500000003
29.046601,"/shooter/output",0.4326585500000003
29.046605,"/shooter/setpoint",9000
29.064529,"/shooter/rpm",8954
29.066356,"/shooter/pid-calculate",0.4334219700000003
29.066366,"/shooter/output",0.4334219700000003
29.06637,"/shooter/setpoint",9000
29.084958,"/shooter/rpm",8966
29.086802,"/shooter/pid-calculate",0.4341456500000003
29.086813,"/shooter/output",0.4341456500000003
29.086817,"/shooter/setpoint",9000
29.104607,"/shooter/rpm",8974
29.1061,"/shooter/pid-calculate",0.43477440000000034
29.106111,"/shooter/output",0.43477440000000034
29.106115,"/shooter/setpoint",9000
29.124903,"/shooter/rpm",8993
29.126537,"/shooter/pid-calculate",0.4353731600000003
29.126548,"/shooter/output",0.4353731600000003
29.126552,"/shooter/setpoint",9000
29.144657,"/shooter/rpm",8999
29.14638,"/shooter/pid-calculate",0.4359218300000003
29.14639,"/shooter/output",0.4359218300000003
29.146394,"/shooter/setpoint",9000
29.164849,"/shooter/rpm",9009
29.166454,"/shooter/pid-calculate",0.4363952600000003
29.166464,"/shooter/output",0.4363952600000003
29.166468,"/shooter/setpoint",9000
29.184676,"/shooter/rpm",9024
29.186354,"/shooter/pid-calculate",0.4368083300000003
29.186365,"/shooter/output",0.4368083300000003
29.186369,"/shooter/setpoint",9000
29.20459,"/shooter/rpm",9036
29.206453,"/shooter/pid-calculate",0.4371258500000003
29.206464,"/shooter/output",0.4371258500000003
29.206468,"/shooter/setpoint",9000
29.22582,"/shooter/rpm",9073
29.228152,"/shooter/pid-calculate",0.4373526400000003
29.228163,"/shooter/output",0.4373526400000003
29.228167,"/shooter/setpoint",9000
29.244785,"/shooter/rpm",9073
29.246227,"/shooter/pid-calculate",0.43752860000000027
29.246237,"/shooter/output",0.43752860000000027
29.24624,"/shooter/setpoint",9000
29.26475,"/shooter/rpm",9083
29.266913,"/shooter/pid-calculate",0.4376536300000003
29.266923,"/shooter/output",0.4376536300000003
29.266927,"/shooter/setpoint",9000
29.285925,"/shooter/rpm",9093
29.288858,"/shooter/pid-calculate",0.4376925600000003
29.288876,"/shooter/output",0.4376925600000003
29.28888,"/shooter/setpoint",9000
29.304553,"/shooter/rpm",9110
29.306305,"/shooter/pid-calculate",0.4377303900000003
29.306316,"/shooter/output",0.4377303900000003
29.30632,"/shooter/setpoint",9000
29.324889,"/shooter/rpm",9126
29.326543,"/shooter/pid-calculate",0.4376869600000003
29.326689,"/shooter/output",0.4376869600000003
29.326694,"/shooter/setpoint",9000
29.345993,"/shooter/rpm",9139
29.34861,"/shooter/pid-calculate",0.4375771400000003
29.348622,"/shooter/output",0.4375771400000003
29.348626,"/shooter/setpoint",9000
29.364548,"/shooter/rpm",9139
29.366082,"/shooter/pid-calculate",0.4374108200000003
29.366093,"/shooter/output",0.4374108200000003
29.366097,"/shooter/setpoint",9000
29.384714,"/shooter/rpm",9150
29.386439,"/shooter/pid-calculate",0.4371578300000003
29.38645,"/shooter/output",0.4371578300000003
29.386454,"/shooter/setpoint",9000
29.40542,"/shooter/rpm",9167
29.40734,"/shooter/pid-calculate",0.4368380400000003
29.407351,"/shooter/output",0.4368380400000003
29.407355,"/shooter/setpoint",9000
29.424637,"/shooter/rpm",9180
29.426339,"/shooter/pid-calculate",0.43651645000000033
29.426349,"/shooter/output",0.43651645000000033
29.426353,"/shooter/setpoint",9000
29.444644,"/shooter/rpm",9198
29.446191,"/shooter/pid-calculate",0.43610288000000036
29.446201,"/shooter/output",0.43610288000000036
29.446206,"/shooter/setpoint",9000
29.466137,"/shooter/rpm",9207
29.468466,"/shooter/pid-calculate",0.43564224000000035
29.468477,"/shooter/output",0.43564224000000035
29.468481,"/shooter/setpoint",9000
29.484744,"/shooter/rpm",9207
29.490561,"/shooter/pid-calculate",0.43518454000000034
29.490573,"/shooter/output",0.43518454000000034
29.490577,"/shooter/setpoint",9000
29.50477,"/shooter/rpm",9206
29.506488,"/shooter/pid-calculate",0.43472478000000037
29.506504,"/shooter/output",0.43472478000000037
29.506508,"/shooter/setpoint",9000
29.525791,"/shooter/rpm",9223
29.529151,"/shooter/pid-calculate",0.43417779000000034
29.529162,"/shooter/output",0.43417779000000034
29.529166,"/shooter/setpoint",9000
29.544798,"/shooter/rpm",9223
29.54656,"/shooter/pid-calculate",0.4336185500000003
29.546571,"/shooter/output",0.4336185500000003
29.546575,"/shooter/setpoint",9000
29.564574,"/shooter/rpm",9225
29.56634,"/shooter/pid-calculate",0.4330219900000003
29.566351,"/shooter/output",0.4330219900000003
29.566355,"/shooter/setpoint",9000
29.585908,"/shooter/rpm",9246
29.589465,"/shooter/pid-calculate",0.4323529700000003
29.589476,"/shooter/output",0.4323529700000003
29.58948,"/shooter/setpoint",9000
29.60465,"/shooter/rpm",9246
29.606046,"/shooter/pid-calculate",0.43165644000000025
29.606057,"/shooter/output",0.43165644000000025
29.606061,"/shooter/setpoint",9000
29.624747,"/shooter/rpm",9251
29.626569,"/shooter/pid-calculate",0.43095239000000024
29.626579,"/shooter/output",0.43095239000000024
29.626583,"/shooter/setpoint",9000
29.64581,"/shooter/rpm",9259
29.649176,"/shooter/pid-calculate",0.43021075000000025
29.649187,"/shooter/output",0.43021075000000025
29.649192,"/shooter/setpoint",9000
29.664722,"/shooter/rpm",9259
29.666713,"/shooter/pid-calculate",0.42946652000000024
29.666723,"/shooter/output",0.42946652000000024
29.666727,"/shooter/setpoint",9000
29.684689,"/shooter/rpm",9259
29.686598,"/shooter/pid-calculate",0.42875477000000023
29.68661,"/shooter/output",0.42875477000000023
29.686614,"/shooter/setpoint",9000
29.70628,"/shooter/rpm",9251
29.707804,"/shooter/pid-calculate",0.42804551000000024
29.707816,"/shooter/output",0.42804551000000024
29.70782,"/shooter/setpoint",9000
29.724579,"/shooter/rpm",9251
29.726362,"/shooter/pid-calculate",0.4273187100000002
29.726373,"/shooter/output",0.4273187100000002
29.726377,"/shooter/setpoint",9000
29.744585,"/shooter/rpm",9254
29.746261,"/shooter/pid-calculate",0.4266044000000002
29.746272,"/shooter/output",0.4266044000000002
29.746277,"/shooter/setpoint",9000
29.764749,"/shooter/rpm",9251
29.770106,"/shooter/pid-calculate",0.4258976000000002
29.770116,"/shooter/output",0.4258976000000002
29.77012,"/shooter/setpoint",9000
29.785635,"/shooter/rpm",9249
29.788871,"/shooter/pid-calculate",0.42518831000000024
29.788889,"/shooter/output",0.42518831000000024
29.788893,"/shooter/setpoint",9000
29.80455,"/shooter/rpm",9251
29.806042,"/shooter/pid-calculate",0.42446651000000024
29.806053,"/shooter/output",0.42446651000000024
29.806057,"/shooter/setpoint",9000
29.824617,"/shooter/rpm",9245
29.829974,"/shooter/pid-calculate",0.42377226000000023
29.829986,"/shooter/output",0.42377226000000023
29.829991,"/shooter/setpoint",9000
29.844717,"/shooter/rpm",9241
29.846328,"/shooter/pid-calculate",0.42309560000000024
29.846338,"/shooter/output",0.42309560000000024
29.846342,"/shooter/setpoint",9000
29.864654,"/shooter/rpm",9235
29.866075,"/shooter/pid-calculate",0.42244659000000023
29.866085,"/shooter/output",0.42244659000000023
29.866089,"/shooter/setpoint",9000
29.884481,"/shooter/rpm",9225
29.890563,"/shooter/pid-calculate",0.42184533000000024
29.890573,"/shooter/output",0.42184533000000024
29.890577,"/shooter/setpoint",9000
29.904594,"/shooter/rpm",9215
29.906371,"/shooter/pid-calculate",0.42129192000000026
29.906381,"/shooter/output",0.42129192000000026
29.906385,"/shooter/setpoint",9000
29.924689,"/shooter/rpm",9210
29.926245,"/shooter/pid-calculate",0.4207614100000003
29.926255,"/shooter/output",0.4207614100000003
29.926259,"/shooter/setpoint",9000
29.944786,"/shooter/rpm",9201
29.951721,"/shooter/pid-calculate",0.42027389000000026
29.951733,"/shooter/output",0.42027389000000026
29.951737,"/shooter/setpoint",9000
29.964655,"/shooter/rpm",9195
29.9663,"/shooter/pid-calculate",0.41981442000000024
29.96631,"/shooter/output",0.41981442000000024
29.966314,"/shooter/setpoint",9000
29.984685,"/shooter/rpm",9193
29.986253,"/shooter/pid-calculate",0.41936302000000025
29.986264,"/shooter/output",0.41936302000000025
29.986268,"/shooter/setpoint",9000
30.004573,"/shooter/rpm",9190
30.010357,"/shooter/pid-calculate",0.41892472000000025
30.010368,"/shooter/output",0.41892472000000025
30.010373,"/shooter/setpoint",9000
30.024476,"/shooter/rpm",9179
30.025912,"/shooter/pid-calculate",0.4185396300000003
30.025924,"/shooter/output",0.4185396300000003
30.025928,"/shooter/setpoint",9000
30.044623,"/shooter/rpm",9172
30.046393,"/shooter/pid-calculate",0.41818782000000027
30.046405,"/shooter/output",0.41818782000000027
30.046408,"/shooter/setpoint",9000
30.064513,"/shooter/rpm",9163
30.068953,"/shooter/pid-calculate",0.41787938000000024
30.068966,"/shooter/output",0.41787938000000024
30.06897,"/shooter/setpoint",9000
30.084704,"/shooter/rpm",9152
30.086454,"/shooter/pid-calculate",0.4176244200000002
30.086465,"/shooter/output",0.4176244200000002
30.086468,"/shooter/setpoint",9000
30.104682,"/shooter/rpm",9139
30.106297,"/shooter/pid-calculate",0.41743307000000024
30.106308,"/shooter/output",0.41743307000000024
30.106312,"/shooter/setpoint",9000
30.126483,"/shooter/rpm",9130
30.130895,"/shooter/pid-calculate",0.41728542000000024
30.130905,"/shooter/output",0.41728542000000024
30.130909,"/shooter/setpoint",9000
30.144931,"/shooter/rpm",9130
30.146478,"/shooter/pid-calculate",0.41718657000000026
30.146488,"/shooter/output",0.41718657000000026
30.146492,"/shooter/setpoint",9000
30.164545,"/shooter/rpm",9120
30.165957,"/shooter/pid-calculate",0.41710155000000027
30.165967,"/shooter/output",0.41710155000000027
30.165971,"/shooter/setpoint",9000
30.184616,"/shooter/rpm",9117
30.187335,"/shooter/pid-calculate",0.4170253800000003
30.187348,"/shooter/output",0.4170253800000003
30.187352,"/shooter/setpoint",9000
30.204816,"/shooter/rpm",9115
30.206271,"/shooter/pid-calculate",0.4169480600000003
30.206282,"/shooter/output",0.4169480600000003
30.206286,"/shooter/setpoint",9000
30.224693,"/shooter/rpm",9100
30.226262,"/shooter/pid-calculate",0.4169447400000003
30.226272,"/shooter/output",0.4169447400000003
30.226276,"/shooter/setpoint",9000
30.244573,"/shooter/rpm",9091
30.249663,"/shooter/pid-calculate",0.41698551000000034
30.249675,"/shooter/output",0.41698551000000034
30.249679,"/shooter/setpoint",9000
30.264764,"/shooter/rpm",9084
30.266227,"/shooter/pid-calculate",0.4170604400000003
30.266238,"/shooter/output",0.4170604400000003
30.266241,"/shooter/setpoint",9000
30.284628,"/shooter/rpm",9074
30.28601,"/shooter/pid-calculate",0.41718463000000033
30.286021,"/shooter/output",0.41718463000000033
30.286024,"/shooter/setpoint",9000
30.304612,"/shooter/rpm",9066
30.306191,"/shooter/pid-calculate",0.41734816000000036
30.306201,"/shooter/output",0.41734816000000036
30.306205,"/shooter/setpoint",9000
30.324853,"/shooter/rpm",9057
30.326597,"/shooter/pid-calculate",0.41755612000000036
30.326617,"/shooter/output",0.41755612000000036
30.326621,"/shooter/setpoint",9000
30.345208,"/shooter/rpm",9061
30.346862,"/shooter/pid-calculate",0.41774347000000034
30.346872,"/shooter/output",0.41774347000000034
30.346876,"/shooter/setpoint",9000
30.365263,"/shooter/rpm",9062
30.36687,"/shooter/pid-calculate",0.41792520000000033
30.36688,"/shooter/output",0.41792520000000033
30.366884,"/shooter/setpoint",9000
30.384578,"/shooter/rpm",9062
30.38665,"/shooter/pid-calculate",0.4181463900000003
30.386709,"/shooter/output",0.4181463900000003
30.386713,"/shooter/setpoint",9000
30.404948,"/shooter/rpm",9054
30.406827,"/shooter/pid-calculate",0.4183870800000003
30.406839,"/shooter/output",0.4183870800000003
30.406843,"/shooter/setpoint",9000
30.424733,"/shooter/rpm",9050
30.426322,"/shooter/pid-calculate",0.4186473100000003
30.426333,"/shooter/output",0.4186473100000003
30.426337,"/shooter/setpoint",9000
30.445371,"/shooter/rpm",9046
30.447846,"/shooter/pid-calculate",0.4189321300000003
30.447858,"/shooter/output",0.4189321300000003
30.447863,"/shooter/setpoint",9000
30.464658,"/shooter/rpm",9041
30.466185,"/shooter/pid-calculate",0.4192165400000003
30.466196,"/shooter/output",0.4192165400000003
30.4662,"/shooter/setpoint",9000
30.48461,"/shooter/rpm",9029
30.486523,"/shooter/pid-calculate",0.4195606600000003
30.486534,"/shooter/output",0.4195606600000003
30.486538,"/shooter/setpoint",9000
30.50484,"/shooter/rpm",9028
30.506428,"/shooter/pid-calculate",0.4199095000000003
30.506438,"/shooter/output",0.4199095000000003
30.506442,"/shooter/setpoint",9000
30.524561,"/shooter/rpm",9028
30.544663,"/shooter/rpm",9040
30.564734,"/shooter/rpm",9021
30.58537,"/shooter/rpm",9010
30.604623,"/shooter/rpm",9010
30.624577,"/shooter/rpm",8949
30.645837,"/shooter/rpm",8900
30.664633,"/shooter/rpm",8900
30.684601,"/shooter/rpm",8813
30.70591,"/shooter/rpm",8763
30.724534,"/shooter/rpm",8763
30.744691,"/shooter/rpm",8662
30.76587,"/shooter/rpm",8618
30.784617,"/shooter/rpm",8618
30.804846,"/shooter/rpm",8515
30.82618,"/shooter/rpm",8472
30.84451,"/shooter/rpm",8472
30.864823,"/shooter/rpm",8378
30.885942,"/shooter/rpm",8334
30.904536,"/shooter/rpm",8334
30.924602,"/shooter/rpm",8240
30.945692,"/shooter/rpm",8194
30.964961,"/shooter/rpm",8149
30.98456,"/shooter/rpm",8149
31.006227,"/shooter/rpm",8060
31.024987,"/shooter/rpm",8060
31.044585,"/shooter/rpm",7970
31.066293,"/shooter/rpm",7928
31.084573,"/shooter/rpm",7928
31.10483,"/shooter/rpm",7844
31.124989,"/shooter/rpm",7798
31.144542,"/shooter/rpm",7798
31.164553,"/shooter/rpm",7712
31.184584,"/shooter/rpm",7679
31.204781,"/shooter/rpm",7631
31.224582,"/shooter/rpm",7631
31.245075,"/shooter/rpm",7547
31.264899,"/shooter/rpm",7512
31.284516,"/shooter/rpm",7512
31.304587,"/shooter/rpm",7425
31.324627,"/shooter/rpm",7391
31.344856,"/shooter/rpm",7352
31.364674,"/shooter/rpm",7352
31.384579,"/shooter/rpm",7269
31.404579,"/shooter/rpm",7234
31.424803,"/shooter/rpm",7190
31.444589,"/shooter/rpm",7190
31.464677,"/shooter/rpm",7112
31.484586,"/shooter/rpm",7074
31.504742,"/shooter/rpm",7030
31.524872,"/shooter/rpm",6996
31.550793,"/shooter/rpm",6959
31.564855,"/shooter/rpm",6959
31.584719,"/shooter/rpm",6885
31.604535,"/shooter/rpm",6845
31.624737,"/shooter/rpm",6802
31.644777,"/shooter/rpm",6770
31.664618,"/shooter/rpm",6770
31.684501,"/shooter/rpm",6688
31.705228,"/shooter/rpm",6656
31.724756,"/shooter/rpm",6656
31.744653,"/shooter/rpm",6621
31.765238,"/shooter/rpm",6549
31.785485,"/shooter/rpm",6513
31.804664,"/shooter/rpm",6513
31.824976,"/shooter/rpm",6444
31.84472,"/shooter/rpm",6444
31.864755,"/shooter/rpm",6407
31.884622,"/shooter/rpm",6368
31.904588,"/shooter/rpm",6301
31.925413,"/shooter/rpm",6258
31.945605,"/shooter/rpm",6227
31.964906,"/shooter/rpm",6190
31.984636,"/shooter/rpm",6190
32.005216,"/shooter/rpm",6110
32.025604,"/shooter/rpm",6082
32.044593,"/shooter/rpm",6082
32.064907,"/shooter/rpm",6013
32.084863,"/shooter/rpm",5985
32.104576,"/shooter/rpm",5985
32.12541,"/shooter/rpm",5912
32.144607,"/shooter/rpm",5912
32.164636,"/shooter/rpm",5846
32.185371,"/shooter/rpm",5805
32.204705,"/shooter/rpm",5805
32.224709,"/shooter/rpm",5778
32.245558,"/shooter/rpm",5723
32.265332,"/shooter/rpm",5684
32.284723,"/shooter/rpm",5684
32.305922,"/shooter/rpm",5623
32.324923,"/shooter/rpm",5623
32.344788,"/shooter/rpm",5552
32.366336,"/shooter/rpm",5517
32.38472,"/shooter/rpm",5517
32.404543,"/shooter/rpm",5452
32.425518,"/shooter/rpm",5427
32.444727,"/shooter/rpm",5427
32.464928,"/shooter/rpm",5372
32.48473,"/shooter/rpm",5372
32.504673,"/shooter/rpm",5336
32.524579,"/shooter/rpm",5277
32.544548,"/shooter/rpm",5247
32.564555,"/shooter/rpm",5209
32.584475,"/shooter/rpm",5182
32.604624,"/shooter/rpm",5153
32.62477,"/shooter/rpm",5127
32.644798,"/shooter/rpm",5095
32.664555,"/shooter/rpm",5095
32.684827,"/shooter/rpm",5031
32.704434,"/shooter/rpm",5031
32.724603,"/shooter/rpm",4977
32.744803,"/shooter/rpm",4954
32.764474,"/shooter/rpm",4954
32.784592,"/shooter/rpm",4896
32.804752,"/shooter/rpm",4859
32.824668,"/shooter/rpm",4834
32.844664,"/shooter/rpm",4805
32.864592,"/shooter/rpm",4783
32.884721,"/shooter/rpm",4753
32.904888,"/shooter/rpm",4734
32.924576,"/shooter/rpm",4734
32.94461,"/shooter/rpm",4674
32.96499,"/shooter/rpm",4647
32.984615,"/shooter/rpm",4647
33.004883,"/shooter/rpm",4586
33.024598,"/shooter/rpm",4586
33.045339,"/shooter/rpm",4526
33.064771,"/shooter/rpm",4500
33.084857,"/shooter/rpm",4485
33.105583,"/shooter/rpm",4455
33.124791,"/shooter/rpm",4434
33.144862,"/shooter/rpm",4403
33.164775,"/shooter/rpm",4373
33.184836,"/shooter/rpm",4346
33.204876,"/shooter/rpm",4321
33.224778,"/shooter/rpm",4321
33.244909,"/shooter/rpm",4273
33.264737,"/shooter/rpm",4273
33.28487,"/shooter/rpm",4217
33.306134,"/shooter/rpm",4192
33.324905,"/shooter/rpm",4192
33.345237,"/shooter/rpm",4141
33.366028,"/shooter/rpm",4114
33.384821,"/shooter/rpm",4114
33.40469,"/shooter/rpm",4063
33.426252,"/shooter/rpm",4036
33.444715,"/shooter/rpm",4036
33.464713,"/shooter/rpm",3981
33.48608,"/shooter/rpm",3957
33.504841,"/shooter/rpm",3957
33.524733,"/shooter/rpm",3901
33.546531,"/shooter/rpm",3877
33.564726,"/shooter/rpm",3877
33.584869,"/shooter/rpm",3831
33.606325,"/shooter/rpm",3803
33.624873,"/shooter/rpm",3803
33.644794,"/shooter/rpm",3748
33.666137,"/shooter/rpm",3733
33.684768,"/shooter/rpm",3733
33.704773,"/shooter/rpm",3676
33.726283,"/shooter/rpm",3651
33.751909,"/shooter/rpm",3629
33.766258,"/shooter/rpm",3629
33.786436,"/shooter/rpm",3572
33.804838,"/shooter/rpm",3572
33.825145,"/shooter/rpm",3536
33.844812,"/shooter/rpm",3502
33.86477,"/shooter/rpm",3484
33.885611,"/shooter/rpm",3466
33.90627,"/shooter/rpm",3432
33.925414,"/shooter/rpm",3432
33.944903,"/shooter/rpm",3397
33.964823,"/shooter/rpm",3365
33.985354,"/shooter/rpm",3346
34.004715,"/shooter/rpm",3346
34.024788,"/shooter/rpm",3298
34.044717,"/shooter/rpm",3298
34.065648,"/shooter/rpm",3259
34.084707,"/shooter/rpm",3259
34.104959,"/shooter/rpm",3212
34.124854,"/shooter/rpm",3192
34.144873,"/shooter/rpm",3165
34.165281,"/shooter/rpm",3143
34.184848,"/shooter/rpm",3129
34.204831,"/shooter/rpm",3106
34.224959,"/shooter/rpm",3083
34.244744,"/shooter/rpm",3083
34.264681,"/shooter/rpm",3067
34.284976,"/shooter/rpm",3020
34.304734,"/shooter/rpm",3020
34.324729,"/shooter/rpm",2997
34.345286,"/shooter/rpm",2953
34.365307,"/shooter/rpm",2927
34.38522,"/shooter/rpm",2916
34.405567,"/shooter/rpm",2897
34.424979,"/shooter/rpm",2876
34.444904,"/shooter/rpm",2854
34.464708,"/shooter/rpm",2854
34.484737,"/shooter/rpm",2810
34.504679,"/shooter/rpm",2787
34.524959,"/shooter/rpm",2773
34.544772,"/shooter/rpm",2753
34.564753,"/shooter/rpm",2753
34.584862,"/shooter/rpm",2710
34.604805,"/shooter/rpm",2697
34.624683,"/shooter/rpm",2697
34.644672,"/shooter/rpm",2655
34.664949,"/shooter/rpm",2629
34.684727,"/shooter/rpm",2629
34.705507,"/shooter/rpm",2594
34.725534,"/shooter/rpm",2575
34.744633,"/shooter/rpm",2575
34.765177,"/shooter/rpm",2543
34.786278,"/shooter/rpm",2518
34.804771,"/shooter/rpm",2518
34.824964,"/shooter/rpm",2477
34.846064,"/shooter/rpm",2467
34.86475,"/shooter/rpm",2467
34.884827,"/shooter/rpm",2427
34.906359,"/shooter/rpm",2404
34.924611,"/shooter/rpm",2404
34.945439,"/shooter/rpm",2367
34.965962,"/shooter/rpm",2351
34.984915,"/shooter/rpm",2351
35.004918,"/shooter/rpm",2313
35.02613,"/shooter/rpm",2293
35.044668,"/shooter/rpm",2293
35.064883,"/shooter/rpm",2263
35.088038,"/shooter/rpm",2243
35.104691,"/shooter/rpm",2243
35.124866,"/shooter/rpm",2210
35.146102,"/shooter/rpm",2191
35.164742,"/shooter/rpm",2191
35.184839,"/shooter/rpm",2152
35.206211,"/shooter/rpm",2136
35.224814,"/shooter/rpm",2136
35.244919,"/shooter/rpm",2102
35.265515,"/shooter/rpm",2083
35.284802,"/shooter/rpm",2066
35.30479,"/shooter/rpm",2048
35.324913,"/shooter/rpm",2031
35.344866,"/shooter/rpm",2013
35.364791,"/shooter/rpm",1997
35.384932,"/shooter/rpm",1980
35.404914,"/shooter/rpm",1962
35.42472,"/shooter/rpm",1962
35.444956,"/shooter/rpm",1927
35.464867,"/shooter/rpm",1910
35.484857,"/shooter/rpm",1895
35.50497,"/shooter/rpm",1875
35.524857,"/shooter/rpm",1863
35.544852,"/shooter/rpm",1843
35.565365,"/shooter/rpm",1829
35.584808,"/shooter/rpm",1814
35.604811,"/shooter/rpm",1798
35.624933,"/shooter/rpm",1783
35.645174,"/shooter/rpm",1765
35.664892,"/shooter/rpm",1750
35.68467,"/shooter/rpm",1750
35.704776,"/shooter/rpm",1721
35.724877,"/shooter/rpm",1704
35.746846,"/shooter/rpm",1692
35.765288,"/shooter/rpm",1692
35.785204,"/shooter/rpm",1660
35.804869,"/shooter/rpm",1646
35.824835,"/shooter/rpm",1633
35.844822,"/shooter/rpm",1615
35.864681,"/shooter/rpm",1615
35.884776,"/shooter/rpm",1587
35.904867,"/shooter/rpm",1570
35.924953,"/shooter/rpm",1559
35.94471,"/shooter/rpm",1559
35.964732,"/shooter/rpm",1533
35.984843,"/shooter/rpm",1515
36.005301,"/shooter/rpm",1504
36.024759,"/shooter/rpm",1504
36.044813,"/shooter/rpm",1472
36.064853,"/shooter/rpm",1461
36.085714,"/shooter/rpm",1449
36.104762,"/shooter/rpm",1449
36.124749,"/shooter/rpm",1433
36.145786,"/shooter/rpm",1403
36.164857,"/shooter/rpm",1403
36.184877,"/shooter/rpm",1374
36.206317,"/shooter/rpm",1364
36.224847,"/shooter/rpm",1364
36.244985,"/shooter/rpm",1340
36.265845,"/shooter/rpm",1324
36.284899,"/shooter/rpm",1324
36.30466,"/shooter/rpm",1297
36.326364,"/shooter/rpm",1283
36.344806,"/shooter/rpm",1283
36.365066,"/shooter/rpm",1260
36.386015,"/shooter/rpm",1249
36.404958,"/shooter/rpm",1249
36.425137,"/shooter/rpm",1218
36.446245,"/shooter/rpm",1206
36.464975,"/shooter/rpm",1206
36.48518,"/shooter/rpm",1181
36.506496,"/shooter/rpm",1167
36.525288,"/shooter/rpm",1167
36.54472,"/shooter/rpm",1145
36.565316,"/shooter/rpm",1135
36.585781,"/shooter/rpm",1115
36.605192,"/shooter/rpm",1115
36.630097,"/shooter/rpm",1090
36.645231,"/shooter/rpm",1090
36.664985,"/shooter/rpm",1063
36.69063,"/shooter/rpm",1055
36.704911,"/shooter/rpm",1055
36.725929,"/shooter/rpm",1032
36.747834,"/shooter/rpm",1023
36.765584,"/shooter/rpm",1023
36.784773,"/shooter/rpm",995
